行驶里程,行驶时长,平均时速,时速标准差,时速最大值,平稳性,转速平均值,转速标准差,转速最大值,早晚高峰,深夜出行,极度拥堵,高速行驶,疲劳驾驶,车号
0.07,0.0922224,0.7,2.344661148,12,0.405851216,746.35,113.5911585,1407,0,0,1,0,0,1
1,0.1286112,12.13461538,9.806018252,28,0.98490022,982.4615385,254.1117912,1533,0,0,0.557692308,0,0,1
2,0.0983328,18.5,12.52602924,39,0.972843947,1112.055556,270.2811207,1633,0.999999999,0,0.347222222,0,0,1
0.17,0.2094432,3,4.251361438,14,0.188973225,755.3214286,140.7574887,1238,0,0,0.892857143,0,0,1
120,1.6430544,72.15061475,39.83835106,144,1.205835699,1711.927254,541.5503915,3054,0,0,0.12602459,0.467213115,0,1
1,0.1416672,13.03409091,12.25162327,36,0.974243377,1056.181818,316.3180251,1857,0.999999999,0,0.477272727,0,0,1
1,0.12,15.44285714,13.14868783,46,1.044628085,1072.814286,252.8108242,1669,0,0,0.428571429,0,0,1
0.05,0.0569424,7.171428571,9.147438453,33,0.739913729,977.2857143,229.1251355,1534,0.707325297,0,0.685714286,0,0,1
2,0.2050008,10.27419355,9.903057514,44,0.959320647,954.25,233.758218,1483,1,0,0.653225806,0,0,1
1,0.2816664,6.46,8.664228705,28,0.997465962,871.1266667,219.3161824,1447,1,0,0.773333333,0,0,1
5,0.155556,22.7518797,11.52362923,44,0.886847721,1173.586466,250.3735732,1641,0,0,0.263157895,0,0,1
2,0.6008328,8.25,9.442829093,39,1.010702292,936.5847458,264.707798,1581,1,0,0.703389831,0,0,1
2,0.2786112,9.027972028,6.378820651,24,0.769014145,935.6153846,206.8718363,1372,0,0,0.65034965,0,0,1
3,0.2241672,12.6971831,14.06065353,52,1.098993897,986.8802817,278.1350629,1657,0,0,0.61971831,0,0,1
1,0.1258344,13.84615385,12.25812948,38,1.090272761,1036.897436,321.1557291,1718,0,0,0.461538462,0,0,1
1,0.1391664,13.32941176,14.59402049,45,1.056187052,976.4235294,329.446483,1712,0,0,0.552941176,0,0,1
16,0.8219448,22.93863636,17.42810439,72,1.088318365,1155.359091,275.9424409,1969,0,0,0.331818182,0,0,1
13,1.1730552,12.73538462,11.32830469,41,1.082418799,1008.306154,277.9348564,1869,1,0,0.493846154,0,0,1
1,0.181944,9.6,11.15462631,38,1.012630332,959.2272727,329.1864216,1834,1,0,0.672727273,0,0,1
2,0.1400016,16.08235294,13.18568105,45,0.955688377,1070.447059,311.0970414,1950,0,0,0.447058824,0,0,1
2,0.2294448,11.91489362,12.01337907,51,1.076378473,1025.87234,276.5428112,1531,0,0.27602979,0.567375887,0,0,1
122,1.876944,64.3147482,36.45679586,126,1.206083245,1548.786871,460.0991836,2511,0,0,0.142985612,0.313848921,0,1
184,3.0663888,62.29697316,44.01603327,135,1.211147149,1569.438035,600.102984,2916,0.388803142,0,0.241576242,0.39234723,3.0663888,1
1,0.1225008,11.61363636,11.1761567,40,0.980004755,994.5795455,283.2692039,1792,0.605442577,0,0.579545455,0,0,1
5,0.4852776,12.05300353,12.96643306,46,1.02945593,992.5371025,303.1460826,1966,0,0,0.614840989,0,0,1
3,0.2413896,12.39455782,14.54777572,56,1.076444919,1027.52381,300.4995688,1780,0,0,0.578231293,0,0,1
0.05,0.0669432,10.98113208,13.66422978,43,0.95347466,928.3207547,337.4877647,1873,1,0,0.603773585,0,0,1
1,0.1177776,12.30263158,12.29853079,40,0.921865034,988.0921053,308.4619989,1749,0,0,0.578947368,0,0,1
2,0.1491672,13.36065574,13.59087295,43,1.069411029,999.2868852,291.6422715,1596,0,0,0.56557377,0,0,1
182,2.1988896,85.72770701,36.72491556,135,1.203291875,1867.327229,530.0306347,3090,0.866725096,0,0.063694268,0.619426752,2.1988896,1
4,0.9347232,13.02657807,11.49170532,39,1.024856256,1030.372093,283.3304686,1991,0,0,0.485049834,0,0,1
2,0.1738896,11.08943089,12.89110008,43,1.103222714,1018.455285,288.117242,1621,0,0,0.682926829,0,0,1
2,0.0752784,25.63829787,18.08365288,63,0.972141189,1190.106383,344.5185825,2146,0,0,0.255319149,0,0,1
0.13,0.165,3.693430657,9.52053666,42,1.142779827,747.6058394,239.3871574,1617,0,0,0.919708029,0,0,1
0.13,0.1663872,6.470588235,10.72098039,32,1.1464741,894.2941176,269.766735,1529,0,0,0.779411765,0,0,1
6,0.4094448,14.76470588,11.15984849,39,1.046826024,1039.345588,277.9982845,1575,1,0,0.448529412,0,0,1
3,0.5016648,11.40343348,10.02154516,33,1.037120501,991.5751073,276.5521942,1709,0,0,0.566523605,0,0,1
15,0.3477792,36.00416667,26.14131181,83,1.11097585,1267.745833,325.0353537,2329,1,0,0.283333333,0,0,1
14,0.403332,35.66938776,26.17534039,91,1.080879734,1260.183673,366.0406383,2559,0,0,0.289795918,0.004081633,0,1
123,1.8800016,71.27245805,44.59630962,143,1.203310979,1739.990128,616.3144136,3093,0.771867428,0,0.129318855,0.407699901,0,1
2,0.159444,13.39583333,13.20165792,52,0.854908663,1005.46875,303.2944358,1647,1,0,0.541666667,0,0,1
13,0.9416688,16.47368421,20.69797199,64,1.145219694,989.2280702,345.6459711,2455,0,0,0.580896686,0,0,1
14,0.8594448,22.74082569,23.38010321,90,1.138178173,1127.401376,374.4900433,2430,0,0,0.45412844,0,0,1
2,0.6119448,6.645914397,10.2566248,44,1.062970127,853.0700389,229.9782661,1559,0,0,0.770428016,0,0,1
123,1.665,72.31690141,33.3540194,128,1.18406948,1677.322938,434.4749668,2889,0.79296,0,0.063380282,0.379275654,0,1
139,1.648332,80.39880952,32.42422499,124,1.18627192,1772.514881,429.3926264,3021,0,0,0.073412698,0.549603175,0,1
49,0.9438888,50.98571429,46.89702276,122,1.218076019,1395.925,623.3586632,2825,0,0,0.396428571,0.355357143,0,1
1,0.0997224,9.704918033,12.46106505,34,1.079889958,933.6065574,312.975999,1591,0,0,0.68852459,0,0,1
45,1.6861104,27.8,24.93147616,86,1.138879099,1145.042105,359.1972145,2610,1,0,0.368421053,0,0,1
35,0.7897224,45.86681223,27.28530177,92,1.136246663,1343.864629,397.1544894,2387,0,0,0.194323144,0.006550218,0,1
5,0.3219432,15.30769231,16.42187667,66,1.060179614,1059.097436,333.9207507,1994,0,0.829167381,0.528205128,0,0,1
3,0.517224,9.912663755,13.75829148,40,1.100435363,939.69869,304.4789352,1704,0,0,0.650655022,0,0,1
12,0.5205552,22.71197411,17.31501166,52,1.093416346,1151.430421,323.4587819,1889,0,0,0.343042071,0,0,1
2,0.2633352,10.40645161,11.12426666,42,0.912923758,961.7225806,283.7172439,1652,0,0,0.587096774,0,0,1
2,0.346944,10.68902439,13.19163619,46,1.069183567,926.6280488,328.0937535,1720,1,0,0.640243902,0,0,1
14,0.9052776,16.46730769,17.87784736,60,1.098802489,1029.982692,336.4897363,2285,1,0,0.542307692,0,0,1
0.08,0.0988896,9.45,11.22410391,32,0.953237692,947.3833333,311.2013404,1694,0.443816135,0,0.666666667,0,0,1
1,0.1283328,11.51351351,15.54951723,51,1.042020519,973.3243243,318.2494545,1581,0,0,0.675675676,0,0,1
5,0.2783328,19,11.35298392,54,0.796117004,1150.169697,262.547455,1812,0,0,0.272727273,0,0,1
6,0.3361104,18.37055838,18.78421358,79,1.053470639,1071.233503,387.1675879,2428,0,0,0.492385787,0,0,1
2,0.2477784,8.186206897,11.36392086,37,1.00957611,899.3310345,299.4841875,1858,0,0,0.717241379,0,0,1
0.27,0.3330552,2.567164179,8.539128551,56,1.044933258,807.2587065,224.6879007,2166,0.209341875,0,0.925373134,0,0,1
1,0.0836112,11.96078431,18.51481654,63,0.938379591,987.54,428.0852104,2296,0,0,0.725490196,0,0,1
1,0.0822216,9.955223881,8.685468247,28,0.951490318,1087.134328,305.9998463,1770,0,0,0.567164179,0,0,2
73,2.7266664,34.6199095,31.30199143,113,1.135852769,1305.618401,499.3838973,2600,0.091585241,0,0.394419306,0.045248869,2.7266664,2
3,0.198888,18.92372881,17.07807951,56,0.982947755,1206.076271,431.8662375,2289,1,0,0.466101695,0,0,2
3,0.5552784,14.9378882,17.27595491,67,1.03944232,1069.15528,370.5039736,2346,0,0,0.652173913,0,0,2
45,1.1427792,36.44165171,26.45415995,83,1.029575114,1353.183124,402.9031948,2337,0,1,0.29443447,0,0,2
23,0.9047232,26.53846154,22.99045493,82,1.071556655,1216.422139,422.1803191,2437,0,0,0.405253283,0,0,2
3,0.255,13.74025974,13.36995226,51,0.821335969,1115.11039,411.2805216,2134,0,0,0.564935065,0,0,2
1,0.1061112,11.87692308,11.25209382,41,0.6915014,1161.984615,456.2338864,2347,0,0,0.584615385,0,0,2
2,0.335556,10.21556886,12.21894626,47,0.863500705,1028.005988,374.0911637,2096,0,0,0.658682635,0,0,2
29,1.451112,24.51122853,24.61828037,93,1.088438544,1232.800528,434.72941,2525,0,0,0.451783355,0.002642008,0,2
32,0.7997232,38.18982387,27.88950843,88,1.11169052,1389.056751,434.2048928,2666,0.079890642,0,0.27592955,0,0,2
27,2.0672232,14.01578073,16.5014093,70,1.031063382,1051.379568,378.3912237,2365,1,0,0.627906977,0,2.0672232,2
40,1.0877784,39.09724473,22.51349398,90,1.056133198,1451.45705,394.2042517,3009,0,0,0.166936791,0,0,2
62,2.5983336,26.49313187,23.878126,97,1.025826249,1263.861951,487.7641797,3491,0,1,0.386675824,0.004807692,2.5983336,2
301,3.669444,90.21686747,42.83844362,160,1.145343416,2192.601908,710.1446367,4008,0,0,0.096385542,0.601405622,3.669444,2
15,0.4213896,35.27407407,22.84843536,77,1.109175586,1339.403704,437.101721,2278,0,0.032298851,0.262962963,0,0,2
6,0.4252776,18.10169492,12.97584652,43,0.811053486,1209.673729,410.7466159,2034,0,1,0.368644068,0,0,2
8,0.5088888,26.16666667,18.77583282,77,0.892379341,1356.038095,532.089704,4806,0,1,0.280952381,0,0,2
23,0.5458344,45.27430556,25.52769418,94,1.069776707,1491.121528,461.1279261,2605,0,1,0.163194444,0.010416667,0,2
33,2.3172216,14.58157603,16.64576203,75,1.011334489,1054.615982,392.5516995,2598,0,0,0.564927858,0,2.3172216,2
7,0.388332,18.74336283,16.48529514,52,0.948984626,1194.526549,432.9475634,2829,0,0,0.455752212,0,0,2
12,0.390276,33.55793991,23.45791057,78,1.079380255,1345.339056,417.6941331,2534,0,0,0.278969957,0,0,2
12,0.4469424,29.41353383,21.86808748,79,1.083044768,1269.665414,442.9236027,2919,1,0,0.289473684,0,0,2
1,0.1672224,10.77884615,11.30594545,40,1.028840651,1001.75,323.61354,1864,0,0,0.653846154,0,0,2
2,0.185832,15.94690265,14.94862673,52,1.073290479,1088.884956,407.5083424,2070,0,0,0.530973451,0,0,2
8,0.4961112,18.87900356,16.01850338,57,1.042519473,1160.740214,399.6535644,2138,0,0,0.427046263,0,0,2
5,0.3188904,18.70652174,15.78928048,63,1.039210805,1184.918478,420.0925463,2363,0,0,0.407608696,0,0,2
50,1.9694448,26.4068582,25.6131197,90,1.142433325,1196.434662,465.0108574,2435,0,0,0.44300278,0,0,2
16,1.2958344,16.59512938,17.05659091,67,1.0408279,1099.158295,431.8270698,2462,0.038799402,0,0.515981735,0,0,2
31,0.8572224,37.64891519,27.69895715,94,1.132818617,1336.641026,415.8981962,2319,1,0,0.264299803,0.003944773,0,2
23,0.8297208,27.37980769,22.12124261,67,1.110119274,1246.637019,424.4182814,2608,0.334449853,0,0.377403846,0,0,2
2,0.123888,21.14102564,15.75768158,49,0.857141907,1244.679487,421.6846084,2147,0,1,0.358974359,0,0,2
53,1.689444,35.92588496,29.00971759,106,1.121871811,1340.443584,472.917105,2578,0,0.810918622,0.311946903,0.009955752,0,2
12,0.2622216,44.4556213,29.39103333,111,1.054868712,1527.005917,512.5303881,3180,0,0,0.189349112,0.059171598,0,2
0.05,0.0669432,11.9,7.055419716,20,0.456839967,986.65,335.8328649,1494,0,0,0.4,0,0,2
0.08,0.1019424,11.24074074,12.94973619,36,0.994842388,1008.888889,390.7980063,1959,0,0,0.592592593,0,0,2
57,1.6361112,38.70833333,28.20095104,112,1.097916857,1373.102477,454.9851462,2781,0,0,0.283783784,0.015765766,0,2
21,0.596388,37.65923567,23.98791883,95,1.087528923,1397.245223,409.2616125,2424,1,0,0.187898089,0.003184713,0,2
19,0.5011104,38.5147541,23.32029439,78,1.039454559,1408.24918,452.592812,2448,0,1,0.206557377,0,0,2
0.05,0.0644448,13.34693878,11.01240025,39,0.773040666,1122.306122,372.7565226,1889,0,0,0.510204082,0,0,2
50,2.1936096,25.1370768,26.81348565,91,1.126131368,1191.422791,453.6966616,2566,0,0,0.483897605,0.001651528,2.1936096,2
3,0.1911096,20.04464286,19.9880092,62,0.957596296,1249.4375,504.2627083,2350,0,0,0.526785714,0,0,2
6,0.585,11.70571429,14.86584599,57,1.07471055,1033.842857,322.3306528,1989,0,0,0.668571429,0,0,2
37,0.8152776,47.07563025,21.55596278,82,1.072672396,1476.87605,378.5558311,2733,0,0,0.12394958,0,0,2
12,0.4083336,31.5,21.93527703,72,1.080096298,1348.557377,436.9614508,2165,1,0,0.274590164,0,0,2
0.07,0.09,4.910714286,4.370466111,18,0.669286678,867.9107143,165.6466422,1377,0,0,0.946428571,0,0,2
35,1.5905544,26.22738095,26.14773217,100,1.108339582,1221.832143,466.0709729,2768,0,0,0.460714286,0.010714286,0,2
6,0.6113904,14.12956811,18.030155,67,1.005686882,1073.501661,402.9837848,3117,0,0,0.641196013,0,0,2
3,0.1880544,20.40350877,17.64132282,53,0.957146735,1251.657895,470.9343345,2365,0,0,0.438596491,0,0,2
45,1.194444,38.56783217,25.6554814,90,1.077667157,1401.165035,440.4994659,2769,0,0,0.237762238,0,0,2
0.06,0.071112,15.66666667,14.39328547,51,0.618856874,1207.848485,487.6385137,2494,0.246101924,0,0.484848485,0,0,2
12,0.8588904,15.30588235,26.05616883,106,1.112521377,1027.752941,463.5097311,2923,1,0,0.756862745,0.033333333,0,2
47,1.2311112,42.58308605,26.59742939,109,1.069792878,1464.682493,462.7979544,4182,0,0,0.221068249,0.013353116,0,2
36,1.0080552,34.14864865,22.28650996,87,1.048426314,1394.20777,414.8340329,2721,0,0,0.206081081,0,0,2
3,0.2858328,18.8317757,14.22626191,52,0.96830573,1195.635514,387.2181237,2028,0.715257311,0,0.429906542,0,0,2
7,0.5113896,16.64401294,12.70223948,51,0.759445388,1171.352751,421.5637423,2357,0,0,0.427184466,0,0,2
34,0.7186104,47.76755448,26.6180137,96,1.114547501,1468.418886,395.4356284,2624,0,1,0.167070218,0.007263923,0,2
12,0.5552784,25.53333333,20.40777171,69,1.088419117,1235.363333,409.1857785,2180,0,0,0.353333333,0,0,2
8,0.2544456,44.9516129,26.77878509,88,1.118373209,1493.096774,424.5547533,2739,0,0,0.169354839,0,0,2
37,2.3808336,17.72554966,26.39596708,108,1.141998317,1012.460955,489.613131,3065,0.746237452,0,0.675511751,0.015921152,2.3808336,2
0.06,0.0741672,4,5.045249791,20,0.434852503,808.0222222,207.8582875,1501,1,0,0.911111111,0,0,2
2,0.1013904,22.89705882,16.86127747,59,0.927701681,1288.764706,463.712891,2524,0,0,0.382352941,0,0,2
25,0.6461112,38.0672043,25.85077016,88,1.072712428,1410.653226,446.8203275,2530,0,0,0.25,0,0,2
4,0.2213904,20.37857143,17.80650106,54,0.930437555,1193.664286,462.4980282,2344,0,1,0.457142857,0,0,2
23,0.6586104,35.95969773,20.99911946,65,1.089508543,1367.959698,405.7742112,2508,0,0.472376385,0.22418136,0,0,2
20,1.02,20.88514851,20.47943891,76,1.035257881,1190.918812,434.9108047,2594,0.691449412,0,0.500990099,0,0,2
17,0.5336112,33.67278287,24.97163961,78,1.095486952,1356.963303,485.5096922,2418,0,0,0.287461774,0,0,2
24,0.678612,33.87740385,24.79995859,87,1.107639917,1350.737981,424.1703637,2407,0,0,0.274038462,0,0,2
35,0.8691672,39.03307393,33.60434965,109,1.118477925,1387.307393,502.8972346,2485,0,0,0.375486381,0.052529183,0,2
15,0.3686112,39.62114537,28.57047013,98,1.001928588,1442.867841,492.944252,3999,0,1,0.27753304,0.017621145,0,2
34,1.3913904,24.92682927,23.57896897,88,1.042416098,1264.193902,473.9527832,3574,0,0,0.414634146,0,0,2
5,0.7847232,9.348668281,11.26638955,51,0.877427898,981.7070218,347.5874185,2343,0,0,0.690072639,0,0,2
10,1.6355544,9.468446602,13.95972246,61,1.063709971,1002.740291,332.924211,2441,0,0,0.722087379,0,0,2
26,1.10028,33.10891089,25.15156476,85,1.094825802,1349.065347,425.4764249,2536,0,1,0.297029703,0,0,2
9,0.2580552,29.75438596,21.76744523,66,1.090186734,1340.812865,420.2920134,2433,0,0,0.304093567,0,0,2
15,0.320556,48.94791667,27.70785127,116,1.076164321,1596.135417,465.1214472,3023,0,0,0.135416667,0.083333333,0,2
16,0.7752768,38.256917,35.89249272,103,1.137719387,1376.940711,569.0071767,2496,0,0,0.391304348,0.090909091,0,2
25,0.6513888,35.61038961,24.5780834,92,1.06020862,1383.787013,468.8040984,3015,0,0,0.277922078,0.002597403,0,2
32,0.9038904,35.87755102,34.17296695,111,1.142107777,1334.742115,522.2646944,2882,0,1,0.406307978,0.057513915,0,2
49,1.8322224,29.64228457,26.13933991,89,1.140778626,1235.986974,470.3204768,2666,0,0,0.418837675,0,0,2
46,0.8724984,59.799117,24.19357406,106,1.105993861,1618.421634,398.1715579,2519,0.879975024,0,0.072847682,0.04415011,0,2
13,0.3641688,37.98578199,25.72852385,76,1.117959372,1341.971564,432.7011827,2500,0.418764046,0,0.255924171,0,0,2
26,1.0972224,24.9022082,22.79623098,82,1.079474876,1223.201893,421.4298578,2543,0,0,0.402208202,0,0,2
12,0.4036104,32.08677686,31.53284382,127,1.028844206,1367.92562,605.9409769,3458,1,0,0.359504132,0.078512397,0,2
15,0.3294432,41.86842105,30.13581976,91,1.104694841,1377.372807,486.3758418,2472,0,0,0.280701754,0.004385965,0,2
4,0.2355552,16.24074074,14.17758074,48,1.000612659,1150.611111,434.6288093,2145,1,0,0.481481481,0,0,2
40,1.0922232,37.60280374,24.57068872,99,1.095038583,1385.711838,435.9907034,2577,0,0,0.235202492,0.009345794,0,2
13,0.5141664,28.22108844,24.32856923,81,1.095896834,1251.040816,436.8747976,2203,0,0,0.37755102,0,0,2
0.05,0.0586104,8.694444444,8.918101798,31,0.807455948,961.1944444,395.0335117,2002,0,0,0.666666667,0,0,2
52,1.185,51.17412141,28.01919401,100,1.128540224,1522.1056,429.7620559,2602,0,0,0.158146965,0.03514377,0,2
6,0.2772216,29.49275362,21.34569355,68,0.995539052,1037.876812,231.3429045,1566,1,0,0.275362319,0,0,3
12,0.5125008,27.68275862,21.98763523,79,0.9997331,1007.717241,170.7535792,1544,0,0,0.344827586,0,0,3
34,0.7436112,54.0199005,21.34994267,95,0.952755154,1178.557214,213.7745053,1743,0,0.872246141,0.042288557,0.02238806,0,3
0.05,0.065556,7.931034483,9.595129101,32,0.901880821,877.8965517,84.16367762,1119,0,0,0.724137931,0,0,3
2,0.3791688,10.17721519,13.68969997,58,0.986583359,903.0886076,161.8133067,1550,0,0,0.715189873,0,0,3
5,0.6458328,22.44402985,21.48321882,68,0.908537365,988.011194,174.0910581,1660,0,0,0.455223881,0,0,3
5,0.206112,29.50943396,18.32471414,56,1.040289062,1000.783019,133.527169,1483,0,0,0.264150943,0,0,3
26,0.6811128,43.01322751,29.20643319,104,1.058921573,1121.68254,221.8876451,1683,1,0,0.211640212,0.029100529,0,3
29,0.8166672,36.80082988,27.70309167,96,1.05703759,1068.655602,235.51177,1739,1,0,0.273858921,0.008298755,0,3
5,0.3330552,24.23026316,19.87859523,64,0.969170647,1004.309211,198.0361273,1637,0,0,0.361842105,0,0,3
25,0.6638904,43.04774536,32.44213919,100,1.075457612,1107.984085,262.0545456,1728,1,0,0.297082228,0.050397878,0,3
6,0.7425,16.33717579,16.31690765,55,0.988679926,922.9798271,137.8588209,1362,0,0,0.55907781,0,0,3
26,0.585,51.765625,31.13845217,106,1.080882855,1161.8125,248.6865985,1705,0,1,0.1625,0.11875,0,3
26,0.5580552,44.74725275,31.85862137,94,1.06071442,1134.815934,252.7594958,1850,1,0,0.25,0.043956044,0,3
33,0.8025,44.35667396,23.27575268,95,1.040223545,1102.986871,213.7709563,1745,0,0,0.118161926,0.004376368,0,3
26,0.5977776,47.70893372,31.05363635,96,1.050916137,1154.613833,252.0134198,1728,1,0,0.181556196,0.057636888,0,3
25,0.7208328,38.16455696,27.13186,98,1.046791123,1090.055696,201.3275154,1943,1,0,0.227848101,0.02278481,0,3
8,0.5147208,30.06565657,23.37795248,92,0.991622073,1024.661616,218.9198023,1576,0,0,0.318181818,0.005050505,0,3
27,0.5180544,47.31609195,29.76416573,104,1.049021622,1167.261494,264.5062128,1784,1,0,0.192528736,0.037356322,0,3
26,0.8408328,41.24514563,26.30895605,90,1.027799462,1112.213592,222.2752464,1681,0.749916511,0,0.20631068,0,0,3
5,0.438888,24.63428571,20.40940091,60,1.026210303,991.4228571,180.5247573,1488,0,0,0.377142857,0,0,3
25,0.5541648,50.14150943,30.31728287,99,1.052660466,1168.550314,265.7150741,1808,0,0,0.160377358,0.075471698,0,3
2,0.1913904,16.01980198,20.02797054,73,1.049158388,984.2079208,207.0425713,1504,0,0,0.633663366,0,0,3
4,0.1900008,29.2815534,21.33138049,62,0.982761518,1063.699029,238.3416494,1698,0,0,0.330097087,0,0,3
27,0.7936128,41.01818182,27.70516159,96,1.036573616,1114.352273,243.0138892,1801,1,0,0.238636364,0.015909091,0,3
6,0.3558336,24.06060606,19.05534205,60,0.979045161,1010.121212,197.285907,1488,0,0,0.381818182,0,0,3
1,0.1683336,7.828571429,10.76538,40,0.895672595,899.5904762,171.3919089,1421,0,0,0.771428571,0,0,3
2,0.279168,15.38356164,14.37874882,48,0.871154721,937.8972603,189.7287257,1427,0,0,0.479452055,0,0,3
81,2.4016656,42.64303797,29.16278296,102,1.037805412,1133.191561,245.2360686,2086,0.078996177,0,0.232067511,0.060759494,2.4016656,3
28,0.7447224,40.22041763,30.52006813,98,1.073891525,1108.178654,246.7773464,1727,0,0,0.273781903,0.027842227,0,3
5,0.2808336,22.14371257,18.07756896,58,0.938447834,998.1377246,189.2347594,1486,0,0,0.395209581,0,0,3
22,0.564444,48.06802721,30.29764966,101,1.05306647,1146.244898,271.8313845,1847,0,0,0.214285714,0.068027211,0,3
7,0.536112,16.66006601,17.8887277,56,1.018855567,925.4389439,124.9832654,1365,0,0,0.534653465,0,0,3
5,0.4861104,18.64285714,19.1194625,72,1.024817507,948.1020408,207.8735804,1500,0,0,0.469387755,0,0,3
1,0.1899984,11,14.1487632,50,0.93040757,889.9896907,207.122372,1377,0,0,0.701030928,0,0,3
1,0.1136088,11.22222222,13.375698,59,0.898909069,903.1717172,189.9886162,1504,1,0,0.656565657,0,0,3
16,0.5630568,32.70662461,19.4304762,72,0.992354956,1001.725552,176.3438737,1463,0,0,0.217665615,0,0,3
26,0.6194424,45.27808989,33.93911156,107,1.060308737,1133.480337,312.8468593,2009,1,0,0.25,0.112359551,0,3
33,0.8463888,41.1446281,26.35636789,100,1.056155585,1133.607438,241.087664,1754,0.850015029,0,0.194214876,0.010330579,0,3
27,0.5311104,46.17732558,30.71899267,93,1.064153491,1144.418605,261.9552836,2370,1,0,0.220930233,0.040697674,0,3
48,1.035,55.74674115,30.39029563,113,1.022625624,1234.33892,318.4978512,1891,0,0,0.152700186,0.134078212,0,3
23,0.5386128,49.70486111,27.80719539,101,1.050405774,1179.076389,262.5946939,1646,1,0,0.152777778,0.076388889,0,3
6,0.6030552,17.25702811,20.99554006,68,1.005814941,950.4457831,239.4279601,1571,0,0,0.626506024,0,0,3
6,0.48,25.24223602,20.23356629,63,1.015443776,1008.142857,234.0609925,1657,0,0,0.354037267,0,0,3
26,0.6463896,45.38439306,29.73690801,102,1.037496194,1127.66185,269.8382416,1695,1,0,0.196531792,0.057803468,0,3
23,0.5747208,46.00641026,27.23908597,92,1.049718272,1122.573718,242.2114374,1783,1,0,0.189102564,0.025641026,0,3
27,0.5630544,44.55826558,30.46822103,105,1.050195003,1147.442935,259.8035561,1969,1,0,0.222222222,0.056910569,0,3
5,0.2694432,33.31460674,21.37415363,64,1.079966718,1578.775281,496.4071082,2217,1,0,0.202247191,0,0,4
8,0.303888,24.99497487,20.33792732,72,1.014859135,1429.869347,524.5312896,2491,0,0,0.301507538,0,0,4
11,0.4958328,29.22943723,24.44966789,84,1.112007211,1480.562771,535.1200956,2363,0,0,0.316017316,0,0,4
8,0.4091664,21.26431718,17.53001736,61,1.004278842,1382.903084,476.8132223,2313,0.845893505,0,0.356828194,0,0,4
4,0.1400016,34.51162791,19.3413572,66,1.122546282,1563.546512,479.7481118,2377,0,0,0.162790698,0,0,4
0.04,0.0516672,12.84375,9.798319063,30,0.814297399,1204.84375,357.8507627,1988,1,0,0.4375,0,0,4
5,0.2088888,25.968,13.38085778,46,1.006665669,1521.2,406.3883809,2282,1,0,0.184,0,0,4
6,0.2449992,26.52348993,12.9586577,47,0.935994239,1561.95302,401.200333,2277,0.481853002,0,0.147651007,0,0,4
9,0.2247216,32.15384615,24.53520309,90,1.045370261,1510.029586,564.8760233,2438,0,1,0.289940828,0,0,4
10,0.2558328,38.21428571,21.05888547,82,1.136203891,1544.642857,448.6809525,2288,0,1,0.103896104,0,0,4
28,1.0947216,24.1728763,22.11145264,77,1.115394648,1387.388972,525.3651658,2850,0.40903331,0,0.385991058,0,0,4
30,0.8469456,35.03614458,25.42980038,97,1.106845832,1567.584337,523.2795802,2665,1,0,0.234939759,0.008032129,0,4
5,0.292776,25.69298246,22.05629451,63,1.138615496,1372.850877,500.7924381,2251,1,0,0.368421053,0,0,4
31,1.3605552,36.39882122,28.00527366,90,1.152134493,1533.383104,566.2638194,2491,0,0,0.31237721,0,0,4
33,0.7419456,42.45154185,25.53119695,89,1.153952687,1694.048458,498.3263843,2527,1,0,0.158590308,0,0,4
6,0.170832,39.31372549,28.72573634,90,1.177586316,1558.343137,531.2863801,2461,1,0,0.245098039,0,0,4
5,0.1461096,30.01666667,24.61296486,75,1.089154582,1470.033333,520.4060782,2289,0,0,0.341666667,0,0,4
6,0.3877776,21.97487437,24.16158508,78,1.135038346,1346.98995,564.7266523,2557,1,0,0.527638191,0,0,4
2,0.151668,18.66304348,14.7016312,48,0.804810651,1346.402174,486.5155331,2191,1.000000001,0,0.347826087,0,0,4
14,0.4891656,29.65625,20.75348665,74,1.026830091,1505.138889,516.9907986,2472,0.315161982,0,0.263888889,0,0,4
17,0.8183352,29.63116883,27.94952789,94,1.161065517,1454.45974,564.3345446,2591,0,0,0.379220779,0.005194805,0,4
17,0.4716672,36.46289753,27.8370614,83,1.180841482,1580.452297,543.3799335,2422,0,0,0.296819788,0,0,4
7,0.2263896,25.4619883,20.12877702,68,1.046239864,1467.368421,491.3499998,2439,1,0,0.321637427,0,0,4
28,0.733332,37.78684807,27.76361106,93,1.102397732,1602.861678,562.7818941,2772,0,1,0.253968254,0.004535147,0,4
14,0.4661112,33.12307692,25.83987383,88,1.083857367,1536.626923,568.3474752,2438,0,1,0.303846154,0,0,4
5,0.4022232,18.35227273,22.03116741,72,1.087181706,1294.619318,539.968007,2350,0.861879673,0,0.551136364,0,0,4
6,0.176112,37.88990826,22.8020221,76,1.14868275,1604.697248,501.7204383,2359,1,0,0.201834862,0,0,4
15,0.5902776,24.54727794,22.60775411,72,1.005109104,1422.868195,532.7700868,2382,0,0,0.389684814,0,0,4
16,0.5619456,29.03254438,21.468398,81,1.075638251,1491.005917,526.4225886,2358,0,0,0.284023669,0,0,4
26,0.6966648,36.96721311,25.90518741,81,1.150596802,1594.393443,488.7859731,2431,0,0,0.24824356,0,0,4
25,0.5663904,46.46296296,26.27200865,90,1.167095014,1734.660494,510.5586046,2482,1,0,0.145061728,0,0,4
3,0.1936128,20.50862069,14.43094241,46,0.764055167,1385.758621,467.301255,2418,0.773316641,0,0.327586207,0,0,4
28,0.703056,37.70758929,30.76433822,99,1.170456731,1555.325893,570.8409912,2732,0,0,0.3125,0.013392857,0,4
6,0.3683352,24.56216216,21.87955358,72,0.945861837,1184.037838,489.6489244,2319,0.54977097,0,0.389189189,0,0,4
10,0.5483352,28.00904977,23.24708994,72,1.033550289,1182.479638,507.3828533,2357,0,0,0.330316742,0,0,4
7,0.4536096,23.52631579,19.19035531,65,0.973374458,1207.244019,475.5032079,2355,1,0,0.363636364,0,0,4
0.09,0.1141656,12.36363636,7.486688524,28,0.483701516,1070.581818,397.4249843,2056,1,0,0.509090909,0,0,4
8,0.249444,32.03870968,20.06964623,76,0.957490612,1299.290323,485.095264,2541,0.231625535,0,0.212903226,0,0,4
8,0.6825,30.13529412,22.24153163,81,1.052750197,1260.505882,495.3058615,2597,0,0,0.288235294,0,0,4
0.16,0.2049984,11.17021277,10.89010432,39,0.89892477,942.0106383,438.6931593,2027,0,0,0.553191489,0,0,4
29,0.7108344,40.79350348,27.66841125,100,1.17708018,1377.897912,495.3572061,2704,0,0,0.162412993,0.051044084,0,4
18,0.9313896,31.36314363,23.18142873,76,1.186869114,1185.525745,462.5955307,2341,0,0,0.268292683,0,0,4
33,0.7736112,51.48670213,27.88968428,92,1.164431485,1445.779255,506.2705118,2705,0,0,0.159574468,0.002659574,0,4
9,0.279444,28.57754011,20.23060942,71,1.00239273,1257.73262,460.2064324,2440,1,0,0.288770053,0,0,4
6,0.2536104,26.88275862,23.25776556,66,1.019915218,1202.62069,509.5079335,2686,0,0,0.372413793,0,0,4
7,0.2208336,32.00740741,24.63176456,74,1.087745196,1264.711111,550.9979666,2777,0,0,0.303703704,0,0,4
1,0.2674992,11.78947368,16.90864244,58,1.087642442,1056.236842,370.212001,1977,1,0,0.640350877,0,0,4
20,0.6730536,31.17708333,18.14087305,68,0.967744475,1224.169271,470.9378288,2300,0,0,0.182291667,0,0,4
26,0.5127768,52.63605442,34.03371435,114,1.189726504,1487.727891,615.6061754,2691,0,0,0.176870748,0.18707483,0,4
1,0.0672216,29.62162162,19.4470097,63,0.962610292,1181.486486,469.6703112,1875,0,0,0.216216216,0,0,4
8,0.2836104,26.64583333,21.36150041,75,1.043911335,1195.182292,472.7667735,2637,1,0,0.307291667,0,0,4
0.2,0.2508336,12,9.606032587,33,0.689781731,1095.533333,445.7119631,1704,0,0,0.433333333,0,0,4
0.3,0.3722232,2.111111111,2.088327348,6,0.401830815,756.2222222,109.3009352,982,0,0,1,0,0,4
1,0.7661112,17.63483146,13.49100224,51,0.766836926,1094.825843,442.3108271,2140,0,0,0.415730337,0,0,4
16,0.5041656,33.66319444,28.36339164,98,1.133341222,1263.402778,517.3745948,2203,0,0,0.298611111,0.03125,0,4
19,0.4688904,38.94295302,31.99705533,112,1.149462945,1336.681208,570.7504857,2550,0,0,0.285234899,0.10738255,0,4
24,1.0894464,33.81390135,30.61054947,111,1.173118805,1276.41704,562.0745251,2719,0.685618678,0,0.320627803,0.060538117,0,4
10,1.0449984,24.60948905,20.90894399,74,1.034474027,1165.069343,479.0625984,2411,0.092768754,0,0.354014599,0,0,4
0.23,0.284724,14.63461538,14.72896153,51,0.912284754,1097.788462,455.5674478,1969,0,0,0.673076923,0,0,4
10,0.4605552,20.89788732,21.22719427,73,1.050596038,1088.630282,492.4821468,2491,1,0,0.461267606,0,0,4
1,0.1861128,11.3015873,10.41809053,32,0.804683419,988.3333333,393.1136255,1845,1,0,0.571428571,0,0,4
2,0.1080552,16.36,14.03917299,50,0.852481654,1150.933333,422.5159947,2021,0.999999999,0,0.48,0,0,4
1,0.1569432,9.757894737,8.643920246,30,0.909577443,993.8315789,396.6938541,1992,0.999999999,0,0.6,0,0,4
2,0.4024992,16.20300752,12.08665643,51,0.856143076,1170.654135,438.19907,2155,1,0,0.406015038,0,0,4
23,1.3277784,23.76782753,20.38497818,81,1.083322083,1156.696517,458.2968787,2536,0.53723784,0,0.348258706,0,0,4
4,0.3638904,19.88,17.95630898,61,1.058492349,1142.288,468.7711942,2329,0,0,0.448,0,0,4
10,0.2966664,30.22885572,20.40557187,70,1.010094228,1226.462687,442.860418,2363,1,0,0.218905473,0,0,4
1,0.133056,11.39506173,8.600405532,31,0.812236436,969.7777778,365.7612951,1744,1,0,0.654320988,0,0,4
2,0.2786112,19.52427184,13.73905601,55,0.990917013,1204.23301,406.1225113,2074,1,0,0.349514563,0,0,4
16,0.3886104,37.8129771,28.78123563,86,1.156809161,1589.187023,520.758943,2422,0,0,0.270992366,0,0,4
18,0.4016664,43.47413793,28.85130147,88,1.16039584,1699.353448,533.0832437,2524,0,1,0.202586207,0,0,4
77,2.8027776,35.15692308,33.77282238,114,1.140274385,1529.720769,674.0894932,3145,0,0,0.39,0.062307692,2.8027776,4
18,0.343332,50.2,32.90101146,99,1.18336958,1815.471429,599.5637742,2777,0,1,0.20952381,0.157142857,0,4
5,0.5397216,19.77464789,17.43629687,64,0.882570501,1342.032864,486.551752,2306,0.09675655,0,0.41314554,0,0,4
1,0.2938896,15.09859155,12.85541012,49,0.957536207,1261.464789,329.1696406,2223,0,0,0.408450704,0,0,4
15,0.3416664,44.74396135,23.92214617,81,1.094610226,1666.381643,438.4385514,2403,0,0,0.140096618,0,0,4
17,0.3550008,48.48584906,27.76159145,91,1.197489306,1698.415094,528.6237137,2562,0,1,0.155660377,0.004716981,0,4
7,0.5294448,22.44292237,21.71183634,75,1.037455483,1340.196347,496.8955946,2359,0,0,0.438356164,0,0,4
3,0.2925,12.03030303,16.18544372,57,0.972128775,1149.672727,478.3280098,2475,1,0,0.636363636,0,0,4
4,0.2425008,19.7414966,23.64668254,66,1.168346129,1246.013605,580.4093382,2343,1,0,0.578231293,0,0,4
25,1.1313888,21.0286944,24.09343123,86,1.152553802,1302.817791,536.0981772,2478,0,0,0.522238164,0,0,4
15,0.498888,31.86597938,25.57138576,76,1.167310945,1441.735395,530.8977778,2397,0,0,0.312714777,0,0,4
17,0.5511096,35.96677741,29.63453322,86,1.162517202,1519.607973,549.183915,2393,0,1,0.325581395,0,0,4
17,0.4302768,34.89965398,27.30016343,83,1.177329507,1527.66436,538.6012957,2367,0,0,0.280276817,0,0,4
17,0.3858336,45.70319635,28.19490713,86,1.133083851,1685.680365,522.2915001,2431,1,0,0.191780822,0,0,4
9,0.5855568,22.00398406,24.95972724,76,1.134140556,1298.733068,548.8791747,2389,0,0,0.517928287,0,0,4
27,1.2266664,22.17700454,22.18531764,82,1.055349136,1317.354009,543.1853319,2536,0.867525841,0,0.441754917,0,0,4
17,0.3705552,47.11818182,33.88342406,102,1.174305688,1729.904545,672.7023706,2821,0,0,0.236363636,0.113636364,0,4
1,0.1211088,7.970588235,12.61811983,41,0.822728477,1106.72549,372.2640699,2055,0,0,0.725490196,0,0,4
16,0.453888,35.79044118,26.9037546,81,1.187994566,1587.492647,530.2624567,2578,0,0,0.264705882,0,0,4
17,0.3547224,52.04166667,31.61529773,97,1.167510863,1821.802083,599.8915281,2667,0,0,0.140625,0.104166667,0,4
7,0.3841656,17.01176471,19.49025243,67,1.049136062,1249.392157,515.5325081,2423,1,0,0.576470588,0,0,4
13,0.62028,20.90958904,19.71179825,74,1.037226553,1305.419178,503.5615267,2347,0,0,0.446575342,0,0,4
22,0.7922208,37.50837989,24.31616417,82,1.129082886,1616.695531,525.6762053,2397,0,0,0.220670391,0,0,4
12,0.3638904,28.31075697,26.56733039,92,1.136456836,1498.466135,553.009875,2525,1,0,0.378486056,0.003984064,0,4
0.06,0.0755568,8.191489362,9.92939925,28,0.863794445,1080.085106,341.1199477,1957,0,0,0.659574468,0,0,4
6,0.2858328,24.0239521,19.29915164,59,0.960682739,1448.005988,554.4763458,2416,0,0,0.347305389,0,0,4
17,0.3302784,52.68877551,29.82530463,104,1.170031845,1862.05102,578.7470352,2823,0,0.758618184,0.132653061,0.096938776,0,4
12,0.3430536,30.04741379,26.05093898,90,1.163245991,1519.801724,547.8111063,2491,1,0,0.331896552,0,0,4
0.04,0.0561096,9.051282051,10.22367922,30,0.993044985,1108.333333,427.4864315,2080,0,0,0.615384615,0,0,4
6,0.2708328,21.91304348,21.03639445,66,0.958275364,1374.57764,573.8080324,2330,0,0,0.440993789,0,0,4
17,0.3525,48.20560748,26.01416671,85,1.183466552,1760.028037,450.6036735,2371,0,0.797474043,0.112149533,0,0,4
16,0.3663888,39.04417671,28.33615282,84,1.156119772,1611.393574,526.9910074,2386,0,0,0.257028112,0,0,4
17,0.3933312,43.54661017,27.89528194,84,1.185920775,1680.877119,510.0420068,2513,0,0,0.194915254,0,0,4
22,1.184724,19.07560628,24.3353063,89,1.131105671,1295.161198,611.8188793,3675,0,0,0.563480742,0,0,4
1,0.058332,12.140625,10.74357274,35,0.490509085,1212.671875,398.8165053,2358,0,0,0.546875,0,0,4
19,0.551388,33.43373494,24.47216448,80,1.039678383,1571.340361,529.2363607,2740,0,0,0.256024096,0,0,4
0.05,0.0647208,13.35,11.29681144,32,0.718727244,1207.225,443.1125045,2123,0,0,0.5,0,0,4
4,0.1402776,28.36904762,17.00799228,58,0.864974966,1539.297619,452.5907425,2197,0,1,0.178571429,0,0,4
6,0.1441656,47.43902439,14.34762213,68,1.041796887,1829.47561,416.7427849,2335,0,1,0.024390244,0,0,4
3,0.2988888,13.85314685,16.99376772,57,0.867941358,1232.111888,487.246288,2476,0,0,0.58041958,0,0,4
5,0.455556,15.11842105,17.35453103,59,0.879374728,1236.184211,500.2358574,2303,0.983536602,0,0.565789474,0,0,4
16,0.643056,34.81016949,28.09394889,84,1.16650752,1555.111864,560.9334764,2567,0,0,0.281355932,0,0,4
28,0.9008328,31.85849057,22.33938205,81,1.088581414,1540.981132,509.2508784,2526,1,0,0.247169811,0,0,4
3,0.3538896,11.91666667,18.99573711,75,0.873585021,1083.611111,444.691745,2248,1,0,0.708333333,0,0,4
29,1.3024992,39.71023965,25.3242924,87,1.104493345,1604.753813,503.1564586,2347,0,0,0.189542484,0,0,4
12,0.326388,30.81140351,24.90129328,82,1.088055557,1494.850877,551.5849367,2425,0,0,0.298245614,0,0,4
5,0.285,18.88304094,15.704563,61,0.933756995,1296.415205,488.4774636,2371,0,0,0.409356725,0,0,4
3,0.232224,18.12403101,15.00364943,61,0.886080128,1242.403101,447.8065382,2343,1,0,0.457364341,0,0,4
10,0.755556,12.98206278,21.346676,79,1.17252719,1068.713004,454.4619074,2324,0,0,0.701793722,0,0,4
18,0.5236104,32.09939759,25.61790583,84,1.162343919,1506.313253,542.6035074,2905,0,0,0.328313253,0,0,4
10,0.24972,40.43506494,26.4671273,81,1.118912821,1573.545455,481.7501195,2276,0,0,0.194805195,0,0,4
5,0.2611128,22.08441558,17.39128747,59,1.053222319,1356.831169,479.0262428,2338,0,0.495739772,0.318181818,0,0,4
14,0.384168,36.68421053,22.28186113,83,1.108420805,1627.447368,474.8087042,2368,0,1,0.153508772,0,0,4
16,0.3886104,40.20164609,29.73749611,92,1.157167359,1654.609053,557.0652656,2528,0,0,0.238683128,0.008230453,0,4
18,0.5063904,35.58333333,26.0900753,98,1.169784848,1554.803333,528.1368507,2731,0,0,0.253333333,0.01,0,4
17,0.7166664,31.18694362,24.23773761,87,1.167394206,1542.364985,513.3619236,2437,0,0,0.287833828,0,0,4
13,0.7130544,20.31486146,24.88496982,82,1.112805725,1270.929471,546.1516653,2515,0,0,0.554156171,0,0,4
13,0.4563888,28.59489051,22.31870656,83,1.018533443,1560.047445,565.2430395,2571,0.275102281,0,0.284671533,0,0,4
18,0.699444,32.68221574,24.78565195,81,1.129218408,1525.758017,512.9288704,2465,0,0,0.268221574,0,0,4
79,2.9022216,35.96014829,28.27996279,101,1.075286602,1600.122335,589.798725,2803,0,0,0.288229842,0.016682113,2.9022216,4
1,0.311112,10.54716981,10.31146572,33,0.541798882,1166.245283,422.0024782,2290,0,0,0.556603774,0,0,4
12,0.3633336,32.30044843,25.39745943,83,1.144151826,1488.358744,548.8695725,2376,0,0,0.295964126,0,0,4
6,0.1555536,42.20879121,24.45699922,81,1.141647794,1657.648352,452.8322813,2285,0,0,0.131868132,0,0,4
3,0.63,13.22424242,13.69366576,42,0.855783383,1191.490909,431.535116,2227,0,0,0.533333333,0,0,4
14,0.5505552,23.51388889,24.18394749,97,1.086862403,1388.5,557.1954544,2663,0.45156453,0,0.408333333,0.013888889,0,4
17,1.2066672,28.90909091,23.0499463,86,1.014417701,1505.339572,525.3528825,2422,0,0,0.302139037,0,0,4
18,0.5263896,35.22801303,22.20787406,78,1.112647251,1599.957655,484.0901662,2443,0,0,0.185667752,0,0,4
7,0.1733352,32.13868613,23.91350298,81,1.059333073,1640.248175,546.8981487,2495,0,0,0.262773723,0,0,4
4,0.495,13.4,18.58299906,68,1.016934969,1163.859091,507.0941598,2385,0,0,0.631818182,0,0,4
0.08,0.0980568,8.233333333,12.4115401,42,0.872776976,1061.333333,349.7440549,2124,1,0,0.733333333,0,0,4
4,0.161388,18.28571429,20.38915055,61,0.870270314,1308.263736,581.2275102,2480,1,0,0.505494505,0,0,4
7,0.1702776,41.53,20.26214812,75,1.153601398,1646.3,413.6697189,2390,1,0,0.09,0,0,4
1,0.0719448,14.31578947,15.42829481,45,0.943694941,1268.223684,430.5187754,2342,1,0,0.526315789,0,0,4
7,0.1916664,34.94214876,25.57710484,79,1.170328978,1553.892562,565.8444103,2411,0,0,0.247933884,0,0,4
5,0.1530552,35.75555556,25.05648052,84,1.137724848,1510.522222,517.324822,2306,0,0,0.188888889,0,0,4
5,0.18,31.4587156,24.20037194,80,1.159864464,1539.770642,604.5992188,2408,0,0,0.275229358,0,0,4
3,0.2561112,13.06802721,16.49103528,50,0.977010958,1169.959184,496.0214296,2380,0,0,0.612244898,0,0,4
3,0.2197224,13.5,16.52502151,56,0.95194356,1139.333333,457.294995,2235,0,0,0.613636364,0,0,4
4,0.2344464,19.33093525,15.33650967,50,0.923954337,1402.158273,512.7013745,2432,0,0,0.388489209,0,0,4
5,0.1458336,33.63636364,22.39570044,69,1.076225302,1506.863636,536.9405494,2359,1,0,0.215909091,0,0,4
23,1.4177784,23.05696203,20.77690528,74,1.092923718,1369.924051,527.7339025,2561,0,0,0.389240506,0,0,4
0.07,0.0894432,10.50909091,11.97972473,38,0.878922327,1152.363636,400.2080646,2163,1,0,0.6,0,0,4
6,0.4588896,19.24731183,19.56619032,67,1.024314841,1251.483871,518.7713158,2381,1,0,0.5,0,0,4
34,0.909444,35.7543554,28.7416841,108,1.126687302,1562.508711,587.9489172,2896,0,0,0.285714286,0.031358885,0,4
27,1.616388,21.3573201,20.0487323,87,1.017491892,1382.336228,528.3404816,2610,0,0,0.41439206,0,0,4
12,0.3988896,29.1755102,23.79243001,74,1.127537406,1451.661224,510.4411178,2411,0.794565715,0,0.310204082,0,0,4
6,0.2386104,27.83453237,22.67687232,71,1.195727034,1412.604317,501.0758081,2377,0,0,0.338129496,0,0,4
12,0.4477776,26.40298507,24.19400966,80,1.097906718,1394.83209,542.9593671,2374,0,0,0.380597015,0,0,4
10,0.4383336,26.6484375,22.33860278,81,1.060979391,1444.566406,531.4479698,2403,0,0,0.3359375,0,0,4
16,0.3349992,45.26046512,28.55912165,89,1.146274171,1704.153488,524.59273,2481,0,0,0.16744186,0,0,4
17,0.3855552,43.74347826,27.11320802,87,1.163317012,1696.821739,510.2656629,2479,0,0,0.173913043,0,0,4
4,0.5977776,16.56914894,19.03137026,66,0.996202335,1246.40107,505.9578424,2344,0,0,0.531914894,0,0,4
0.12,0.1450008,11.51515152,12.43598058,43,0.951737484,1049.363636,338.3717408,1776,1,0,0.590909091,0,0,5
0.1,0.1272216,13.21875,11.20695169,37,0.712997536,1095.4375,229.3311365,1559,0,0,0.53125,0,0,5
0.07,0.0830568,7.869565217,8.982968318,25,1.259700472,982.3695652,217.3386869,1428,1.000000001,0,0.673913043,0,0,5
0.31,0.3880536,14.50649351,10.92633633,40,0.964481004,1102.961039,298.5139705,1667,1,0,0.519480519,0,0,5
49,2.6786112,57.57142857,40.86469961,134,1.302277128,1578.357733,423.9428273,2548,0.068339593,0,0.20188902,0.290436836,2.6786112,5
45,2.2474992,66.44689655,38.23345714,127,1.297345517,1633.503448,421.9108944,2643,0,0.117167027,0.146206897,0.357241379,2.2474992,5
1,0.3719448,18.640625,18.69554428,66,1.02836772,1262.757813,387.4322241,2214,1,0,0.4921875,0,0,5
0.27,0.3372216,28.94495413,21.16768802,68,1.174265429,1351.055046,433.3107437,2176,0,0,0.311926606,0,0,5
0.36,0.4552776,11.33695652,12.02129719,43,0.936945839,1071.032609,233.9247766,1723,1,0,0.597826087,0,0,5
1,0.1402776,45.61363636,21.88151594,82,1.065675393,1522.227273,397.0506302,2096,1,0,0.159090909,0,0,5
1,0.1655544,41.78125,22.78085297,80,0.958439892,1530.796875,424.218242,2221,0,0,0.140625,0,0,5
0.33,0.4155576,15.11363636,18.88527482,54,1.198580522,1161.022727,349.0474057,2084,0,0,0.602272727,0,0,5
0.1,0.1263888,32.83783784,20.12532058,73,0.842511524,1440.216216,422.6487993,2154,0,0,0.162162162,0,0,5
0.13,0.1613904,2.142857143,2.878491669,11,0.164684095,899.8571429,94.17647685,1227,0.999999999,0,1,0,0,5
0.13,0.1616664,40.015625,19.30004703,72,1.180085796,1472.25,354.785918,1934,0.999999999,0,0.125,0,0,5
0.14,0.1730544,35.97297297,18.41899925,73,0.935059169,1487.662162,341.3425258,2400,0,0,0.148648649,0,0,5
1,1.2550008,22.48725212,20.84849247,70,1.076858679,1279.532578,389.643995,2130,0,0,0.447592068,0,0,5
2,0.2308344,29.53012048,23.02137784,66,1.24684155,1377.855422,391.7868738,1918,0,0,0.337349398,0,0,5
0.51,0.6416664,20.5060241,15.41457279,57,1.094049079,1223.951807,317.580127,1858,0,0,0.337349398,0,0,5
2,0.620556,22.79824561,16.50907097,55,0.974270369,1284.934211,375.1492508,2119,0,0,0.337719298,0,0,5
2,0.5302776,17.04784689,16.80852599,65,1.089620791,1199.043062,340.818053,2044,0.859089654,0,0.540669856,0,0,5
0.06,0.0722232,19.88235294,12.44567518,40,1.113777062,1182.470588,432.9396511,1950,0.999999999,0,0.294117647,0,0,5
1,0.146112,41.95744681,23.91557383,83,1.152858456,1540.978723,366.5384783,2118,1.000000001,0,0.14893617,0,0,5
2,0.1222224,48.23529412,27.26139265,91,1.038867259,1617.392157,420.9173353,2454,0,0,0.137254902,0.019607843,0,5
0.18,0.2308344,12.49367089,14.49480315,49,0.703891657,1120.367089,354.2819092,1960,0,0,0.670886076,0,0,5
0.12,0.153888,20.66,11.63143173,39,0.703281396,1319.76,309.7145862,1904,0,0,0.24,0,0,5
3,0.6108336,27.77348066,25.0541317,80,0.991892536,1360.033149,427.545084,2208,0,0,0.397790055,0,0,5
10,1.0747224,48.27272727,23.55413345,94,1.051548516,1574.440341,379.1730196,2404,0.252002564,0,0.15625,0.002840909,0,5
49,2.0933352,64.65980796,43.36469472,135,1.342360528,1586.987654,467.0765651,2713,0.010881392,0,0.252400549,0.379972565,2.0933352,5
33,1.413888,72.4476386,40.73886565,130,1.304369536,1682.64271,433.6469469,2525,0,0,0.156057495,0.457905544,0,5
27,1.1572224,58.03010753,34.03926417,124,1.295756619,1625.372043,357.8661515,2693,0,0,0.094623656,0.23655914,0,5
0.32,0.3986112,18.06024096,15.86478644,49,0.774815225,1182.385542,352.807549,2047,0.213940803,0,0.481927711,0,0,5
2,0.2166672,25.19480519,24.43683531,67,1.258492323,1196.38961,391.0264884,1941,1,0,0.467532468,0,0,5
1,0.1655568,39.07936508,21.8973423,77,1.046071009,1470.349206,393.4251644,2060,1.000000001,0,0.19047619,0,0,5
2,0.1597224,38.18309859,19.48135362,69,1.104488618,1476.704225,343.2414974,2109,0,0,0.126760563,0,0,5
0.28,0.3444456,9.25,13.09825506,46,1.055535977,1065.777778,320.2780142,1887,0,0,0.694444444,0,0,5
3,0.8838888,24.45373134,20.37280041,69,0.986193135,1322.752239,387.3657559,2123,0,0,0.405970149,0,0,5
4,0.7741656,42.07555556,28.13787131,97,1.242099854,1513.822222,421.3105769,2248,0,0,0.235555556,0.022222222,0,5
0.12,0.1466664,21.66666667,13.05142225,57,0.780428172,1341.388889,298.8609456,1833,0,0,0.203703704,0,0,5
2,0.6983328,22.92165899,18.63683979,63,1.110472248,1292.718894,380.8431548,2057,0,0,0.414746544,0,0,5
0.05,0.0652776,22,16.42206475,43,0.990177177,1243.95,293.1553343,1758,0.999999999,0,0.35,0,0,5
0.09,0.1166664,16.6875,13.87965946,44,1.137059262,1108.125,297.4605016,1599,1.000000001,0,0.4375,0,0,5
4,0.3363888,43.60465116,26.41449017,87,1.266858375,1527.434109,352.591895,2142,0,0,0.224806202,0,0,5
3,0.5752776,17.80412371,30.10538973,109,1.324475378,1139.231959,419.4648735,2366,0,0,0.721649485,0.041237113,0,5
1,0.1622232,29.80434783,20.93123086,56,0.829531653,1344.586957,444.9009666,2056,0,0,0.282608696,0,0,5
1,0.620556,12.97881356,14.61315264,59,1.029211132,1119.114407,309.335815,1960,0,0,0.588983051,0,0,5
2,0.2255544,41.80555556,16.08834666,59,0.562288432,1558.138889,274.5582011,2121,0,0,0.083333333,0,0,5
2,0.3194448,30.36231884,20.07029327,65,1.071678264,1430.086957,381.134926,2241,1,0,0.289855072,0,0,5
0.11,0.1422216,3.9,3.799727758,14,0.482741284,933.2,96.24480282,1218,0,0,0.966666667,0,0,5
0.08,0.0966672,9.15625,13.30076247,39,1.053993388,1080,314.5240131,1727,1,0,0.75,0,0,5
19,1.6047216,48.35281385,37.59140679,132,1.278009394,1545.768398,454.1572688,2861,0,0,0.201298701,0.186147186,0,5
0.06,0.0702768,11.84375,7.662684508,26,0.539386302,1134.53125,369.1082527,2016,0,0,0.5625,0,0,5
13,1.3697208,41.61428571,31.09909289,118,1.291931404,1487.261224,400.3627102,2487,0,0,0.173469388,0.118367347,0,5
13,2.467776,28.72506394,22.41638008,80,1.115556669,1367.740409,409.9798632,2244,0.723323349,0,0.315856777,0,2.467776,5
11,1.0038888,37.13506494,24.88143639,86,1.279757105,1415.384416,348.1417452,2100,0.328444346,0,0.228571429,0,0,5
1,0.6061104,16.84971098,20.74290191,60,1.233696804,1174.630058,375.0479994,2129,0,0,0.624277457,0,0,5
2,0.3294432,36.47692308,25.43092648,84,1.193794448,1464.176923,389.643058,2161,0,0,0.261538462,0,0,5
1,0.3238896,23.31034483,21.82755092,70,1.172485781,1280.094828,422.3409704,2108,0,0,0.439655172,0,0,5
26,2.1275016,47.8454039,36.47394209,131,1.305664359,1505.534819,426.9822305,2777,0.375244653,0,0.224233983,0.167130919,2.1275016,5
0.15,0.1897224,5.637681159,8.739651047,30,1.14301464,962.4202899,244.9030664,1744,1,0,0.768115942,0,0,5
0.05,0.061668,11.11538462,15.36834909,42,0.827054216,1131,368.8837215,1971,0,0,0.653846154,0,0,5
11,1.1055552,24.00209205,19.51567654,67,1.165403235,1307.016736,394.9899552,2161,0,0,0.372384937,0,0,5
3,0.2816688,17.92307692,13.90081848,52,0.981799997,1254.576923,376.1635375,2111,0,0,0.397435897,0,0,5
44,1.8661104,39.12040558,24.21869379,83,1.225177951,1460.342205,391.8640109,2299,0,0.121762571,0.207858048,0,0,5
1,0.1341672,12.83606557,15.72490628,56,1.076376395,1117.442623,368.0931279,2006,0,1,0.655737705,0,0,5
5,0.344724,28.09219858,19.27837453,64,1.06078867,1340.560284,384.8797654,2015,0,1,0.304964539,0,0,5
2,0.1697232,31.71641791,21.5003918,68,0.875969128,1407.641791,399.3199788,2212,0,0,0.298507463,0,0,5
11,0.54,23.67197452,21.45887019,78,1.160708659,1311.955414,410.9258361,2120,0,0,0.404458599,0,0,5
19,0.8533344,26.30515464,21.54971367,85,1.204705779,1323.534021,384.4408752,2208,1,0,0.346391753,0,0,5
7,0.470832,25.80693069,19.1902585,76,1.133882971,1324.930693,383.7490437,2374,0,0,0.297029703,0,0,5
0.08,0.0949992,7.586206897,14.0450834,52,1.203430706,1010.206897,305.1573513,2174,0,0,0.827586207,0,0,5
4,0.2797224,18.10909091,16.28931199,61,1.123092091,1181.278788,370.5368483,1959,0,0,0.448484848,0,0,5
4,0.2336112,24.51145038,19.25511577,62,1.118733522,1286.687023,381.9868319,2085,0,0,0.351145038,0,0,5
0.06,0.0719448,8.902439024,15.8221441,54,0.980530705,1009.658537,308.0769879,1742,0,0,0.780487805,0,0,5
12,0.6975,20.95177665,16.83493307,64,1.092296706,1299.941624,376.7685815,2052,0,0,0.368020305,0,0,5
2,0.165,17.56701031,15.06438074,47,1.099376539,1159.278351,354.5890739,1870,0,0,0.443298969,0,0,5
3,0.1433328,30.90243902,19.92182856,68,1.135544591,1392.743902,437.3889083,2038,0,0,0.207317073,0,0,5
0.07,0.0850008,11.71153846,12.94836887,36,1.199212522,1024.480769,277.8547011,1646,0.999999999,0,0.596153846,0,0,5
0.07,0.0838896,11.90243902,12.35476604,43,0.887186757,997.5609756,376.6180458,1751,0,0,0.634146341,0,0,5
26,0.6138888,45.57765668,43.58314511,130,1.383500801,1441.877049,504.8301694,2503,0,0,0.414168937,0.264305177,0,5
2,0.1191672,21.92105263,17.22305676,85,1.007869833,1289.894737,466.6976346,3899,1.000000001,0,0.302631579,0,0,6
3,0.138612,22.06024096,18.65956199,57,1.229551421,1239.662651,314.0036615,1805,0,0,0.385542169,0,0,6
1,0.6877776,2.5375,8.869061075,79,1.021921385,906.1825,294.7617435,4803,1,0,0.9225,0,0,6
7,0.4327776,24.17297297,19.82621026,98,0.94649182,1323.978378,536.6881225,4304,0,0,0.32972973,0.010810811,0,6
5,0.54,16.21658986,12.48940667,58,0.783361944,1161.981567,306.5764354,2141,0,0,0.447004608,0,0,6
1,0.2524992,10.25,7.820568414,20,0.890427584,1067.3125,236.0507651,1552,0,0,0.5,0,0,6
0.13,0.163332,18.11627907,10.45217977,40,0.598818676,1249.255814,278.4353471,1962,0,0,0.255813953,0,0,6
0.23,0.2838888,19.75,20.29831863,57,0.492105634,1341.208333,628.2783916,3341,0,0,0.5,0,0,6
25,0.9633336,43.84330484,24.94464625,104,1.193422058,1474.883191,363.0054475,3203,0,0,0.128205128,0.017094017,0,6
1,0.556944,18.359375,13.81071955,66,0.540017434,1236.507813,349.53366,2335,1,0,0.359375,0,0,6
2,0.1561128,14.20879121,8.04365379,32,1.086520025,1087.912088,308.6152458,1758,1,0,0.395604396,0,0,6
17,0.5972232,29.79942693,19.22133333,85,1.217605452,1315.744986,314.9204803,2023,0.186511174,0,0.212034384,0,0,6
52,1.1969448,44.29,24.08230196,94,1.325564867,1445.607143,288.3296302,2774,0,0.125319062,0.112857143,0.011428571,0,6
6,0.3197208,18.95979899,15.63628233,68,1.127605745,1215.698492,314.9319143,2442,1,0,0.371859296,0,0,6
2,0.2977776,13.96969697,16.5044549,52,0.972116849,1133.353535,348.5748335,2268,0,0,0.595959596,0,0,6
1,0.206112,27.47727273,15.47764876,53,0.600766178,1350.931818,243.5628373,1774,0,0,0.181818182,0,0,6
2,0.2372208,15.71604938,11.43594614,38,1.010310421,1159.024691,275.4744986,1691,1,0,0.407407407,0,0,6
0.15,0.1927776,8.92,7.300656946,24,0.804048112,1017.46,213.0673181,1615,1,0,0.7,0,0,6
3,0.6097224,6.526785714,9.942485189,36,1.30648482,969.4107143,239.1113356,1772,0,0,0.738095238,0,0,6
4,0.1644432,24.9537037,18.40478618,80,0.939846149,1311.518519,346.5083371,2872,0.999999999,0,0.296296296,0,0,6
42,1.477776,35.12385321,21.68417917,97,1.22705801,1378.053517,324.5303572,2978,0.253007763,0,0.183486239,0.001529052,0,6
60,1.936944,39.82909931,35.39949882,158,1.385729138,1450.279446,509.5790855,3388,0,0,0.197459584,0.081986143,0,6
0.08,0.1002768,23.04,12.3221387,49,0.744688294,1315.1,273.467623,1859,0,0,0.26,0,0,6
1,0.354168,16.47826087,12.98729579,51,0.972019306,1168.51087,299.3106914,2200,1,0,0.434782609,0,0,6
2,0.2625,7.93125,10.07089453,40,1.155908654,1019.575,273.7392725,1886,1,0,0.6375,0,0,6
2,0.1044456,18.46969697,13.18066147,36,1.208523686,1194.772727,283.3486461,1694,0,0,0.318181818,0,0,6
7,0.3744432,26.28,17.0316271,81,1.020209494,1351.765714,346.5948925,3474,0,1,0.217142857,0,0,6
3,0.1483344,24.94805195,17.82731206,67,0.964588402,1310.25974,335.7305625,2411,1,0,0.272727273,0,0,6
0.04,0.0547224,1.054054054,4.149604706,24,0.024315125,852.1081081,175.5856524,1389,0.81724486,0,0.972972973,0,0,6
0.07,0.0838896,12.65789474,9.51606413,28,1.09870129,1165.473684,335.2937991,1797,0,0,0.526315789,0,0,6
1,0.0800016,17.1509434,19.45942151,59,1.075881424,1135.566038,351.8775196,1797,0,0,0.528301887,0,0,6
1,0.075,18.69767442,11.61594734,37,0.907761501,1198.093023,276.6980316,1859,0,0,0.302325581,0,0,6
2,0.3930552,9.994897959,9.934915095,37,0.845194669,1052.933673,261.3488889,1827,0,0,0.62244898,0,0,6
1,0.1138896,14.11764706,20.31614831,63,1.103675379,1118.215686,391.7382449,2481,1,0,0.647058824,0,0,6
1,0.131112,14.1547619,14.44682318,45,1.090858367,1130.22619,300.4372457,1798,0,0,0.5,0,0,6
4,0.3733344,23.69465649,23.37878497,85,0.94816111,1335.152672,603.6641766,4062,0,0,0.442748092,0,0,6
0.14,0.1691664,13.88888889,7.142539675,27,0.65308566,1141.388889,203.125194,1519,0,1,0.333333333,0,0,6
4,0.1786128,24.51754386,17.0694741,60,1.113342527,1261.95614,377.1969836,1858,1,0,0.289473684,0,0,6
2,0.1344432,19.88135593,13.13338041,45,1.051605886,1216.322034,284.7323269,1716,0,0,0.338983051,0,0,6
0.19,0.2338896,12.875,9.14521299,33,0.745464784,1124.71875,270.9877563,1713,0,0,0.46875,0,0,6
5,0.2744448,22.31782946,22.47150435,92,1.13939013,1207.449612,409.989881,2475,1,0,0.449612403,0.007751938,0,6
3,0.1602768,22.89108911,17.44356672,59,1.209951614,1233.752475,311.5891656,1835,0,0,0.366336634,0,0,6
3,0.1411104,23.16304348,17.51813953,64,1.060991955,1251.891304,320.9154644,1890,1,0,0.315217391,0,0,6
0.16,0.195,20.77777778,16.0055022,60,0.70920902,1300.203704,417.3785386,2348,1,0,0.351851852,0,0,6
0.04,0.0522216,22.44,15.72704677,62,0.16611419,1391.72,496.9291968,2947,0,0,0.2,0,0,6
0.23,0.2883336,5.166666667,10.89289289,58,1.004793221,948.5196078,236.6413809,2198,0,0,0.794117647,0,0,6
1,0.1947216,15.39393939,13.23733507,49,0.865865544,1129.545455,259.2067296,2018,0,0,0.454545455,0,0,6
1,0.1149984,18.8490566,17.79952055,56,1.18020805,1173,362.6278554,1731,0,0,0.452830189,0,0,6
14,0.5538888,29.64505119,22.46619114,90,1.252041727,1309.31058,337.1017017,2998,1,0,0.255972696,0,0,6
15,0.4336104,36.36625514,19.29505603,78,1.33379894,1376.419753,297.0439986,2014,0,0,0.131687243,0,0,6
2,0.1458336,16.53846154,10.26618748,33,1.111344346,1238.525641,308.2560803,1818,0,0,0.294871795,0,0,6
2,0.213888,13.50588235,12.8068281,46,1.046919546,1076.152941,282.5804776,1675,0,0,0.564705882,0,0,6
2,0.193056,15.55454545,20.07489937,70,1.295293459,1090.236364,314.2208049,2106,0,0,0.590909091,0,0,6
41,0.8519448,45.13387978,30.46320214,108,1.401272129,1405.030055,364.6824352,2378,0,0,0.210382514,0.038251366,0,6
39,0.8894448,42.34042553,22.07573376,80,1.370399099,1385.674468,290.44571,2037,0.07870168,0,0.108510638,0,0,6
19,0.9119424,27.31485588,25.12233581,116,1.230143073,1301.443459,428.4926327,3497,1,0,0.352549889,0.017738359,0,6
2,0.0827784,40.24324324,23.93904923,123,0.696938931,1615.702703,646.287383,4287,1.000000001,0,0.081081081,0.027027027,0,6
14,0.4308336,33.33858268,14.91833923,69,1.282309426,1407.755906,268.5312184,2608,0,0,0.094488189,0,0,6
2,0.1725,12.3814433,11.66051323,39,1.154341511,1100.453608,300.4477222,1858,0,0,0.577319588,0,0,6
3,0.333612,19.16788321,16.42208401,67,1.150779283,1152.029197,316.2980478,2515,0,0,0.437956204,0,0,6
0.23,0.2880552,10.72463768,7.607821165,28,0.827213266,1058.623188,218.2388129,1704,0,0,0.594202899,0,0,6
1,0.3030552,10.87777778,11.27972007,43,1.261228062,1081.811111,269.7998798,1691,1,0,0.544444444,0,0,6
2,0.1230552,25.43333333,10.47250908,55,0.328325154,1352.833333,265.1768305,1965,0,0,0.1,0,0,6
31,1.3655544,32.88980263,19.73696958,92,1.27382038,1352.523026,273.1285511,2358,0,0,0.167763158,0.001644737,0,6
134,2.315832,52.73076923,47.44420425,177,1.425398429,1605.719141,683.7344018,3536,0.861580633,0,0.262969589,0.217352415,2.315832,6
119,2.0083344,62.29814272,46.24917693,167,1.473425688,1654.081134,632.0838353,3910,0,0,0.225806452,0.356793744,2.0083344,6
1,0.0941664,26.79545455,15.50630711,49,1.270166012,1287.795455,217.4691188,1731,0,0,0.204545455,0,0,6
3,0.3930576,11.88362069,14.4542655,65,1.316042063,1051.913793,283.0377292,1843,0,0,0.564655172,0,0,6
15,0.5872224,28.26888218,18.92033294,89,1.259631542,1324.655589,358.3264583,4531,0.854775295,0,0.256797583,0,0,6
0.05,0.0627792,13.54347826,7.280740261,33,0.843672616,1124.456522,238.1138576,1745,0,0,0.326086957,0,0,6
1,0.15222,7.784946237,11.05504947,47,0.848141422,1033.924731,331.9366832,2307,0,0,0.698924731,0,0,6
3,0.172224,20.56862745,18.81094573,61,1.232033668,1220.441176,350.1868122,2507,1,0,0.411764706,0,0,6
2,0.1841688,14.08064516,16.07836337,53,1.271525585,1105.854839,338.8695385,1792,0,0,0.572580645,0,0,6
5,0.2536128,22.03472222,15.80316565,60,1.048068354,1237.923611,297.2958565,2080,0,0,0.305555556,0,0,6
1,0.1436112,10.64864865,12.93019449,40,1.174399863,1044.810811,266.1367285,1714,0,0,0.608108108,0,0,6
1,0.071388,22.43902439,17.99867881,62,1.11455897,1277.121951,348.1451705,1803,0,0,0.390243902,0,0,6
1,0.0827784,17.13333333,15.2577849,45,1.226619504,1188.466667,345.877908,2116,0,0,0.511111111,0,0,6
5,0.3644448,14.16589862,13.52125002,46,1.165174643,1134.658986,331.7225997,1816,1,0,0.497695853,0,0,6
2,0.165,11.68,14.56637889,53,1.201013244,1089.99,311.1682612,2174,1,0,0.59,0,0,6
4,0.1391664,22.88429752,20.10604805,86,1.102994198,1235.165289,400.1582676,2706,1.000000001,0,0.388429752,0,0,6
4,0.6525,11.73493976,13.15241086,47,1.238637052,1091.032129,293.8907641,1814,0,0,0.562248996,0,0,6
25,1.1205552,34.89414414,31.09695117,141,1.223735364,1615.234234,773.0359189,4982,0.036192059,0,0.265765766,0.067567568,0,6
1,0.1091664,14.19402985,9.262565267,37,0.807103128,1154.910448,276.2110925,1808,1.000000001,0,0.432835821,0,0,6
1,0.1027776,15.61290323,11.02211613,37,0.947837858,1171.822581,283.506644,1802,0.999999999,0,0.387096774,0,0,6
2,0.185556,14.12941176,9.80134616,37,0.843070896,1196.035294,321.6383079,1859,0,0,0.435294118,0,0,6
0.08,0.104724,15.92307692,7.100018057,29,0.523642192,1137.846154,169.5449037,1410,0,0,0.307692308,0,0,6
3,0.63,12.93534483,14.42581113,57,1.32487171,1096.099138,320.2102578,1846,1,0,0.560344828,0,0,6
0.13,0.1616664,15.79487179,11.17369912,36,0.691216731,1184.538462,276.1475431,1708,0.146048901,0,0.333333333,0,0,6
9,0.7591656,26.68888889,17.4044248,70,0.994227588,1319.355556,323.2071502,2688,0,0,0.248148148,0,0,6
2,0.0680544,28.78378378,18.61172739,60,0.634865444,1341.27027,402.3201909,2476,0,0,0.243243243,0,0,6
3,0.3847224,15.46315789,16.33936021,68,0.922977167,1165.136842,377.7433163,2810,1,0,0.484210526,0,0,6
4,0.36,10.94202899,12.07285818,42,1.161920475,1057.217391,291.3265876,1833,1,0,0.603864734,0,0,6
7,1.2444432,8.182444062,12.52147541,53,1.30065617,990.3253012,274.2107468,1815,0,0,0.719449225,0,0,6
1,0.1061112,16.8030303,12.95461866,52,0.889252363,1212.5,396.1093575,2951,0,0,0.333333333,0,0,6
2,0.538332,15.125,17.96073635,67,0.908165997,1186.58125,448.622174,3340,0,0,0.6125,0,0,6
0.19,0.2397216,13.65671642,9.026144247,31,0.724900296,1087.298507,297.1669776,1869,1,0,0.492537313,0,0,6
1,0.0708312,18.97826087,14.12246301,47,0.923007897,1180.717391,294.1170336,1669,1.000000001,0,0.391304348,0,0,6
18,0.7083336,26.20895522,20.23357668,67,1.364567558,1252.691542,334.6362962,2509,0,0,0.31840796,0,0,6
1,0.1791672,15.37288136,10.91329197,43,0.647355732,1200.966102,304.139145,1844,0,0,0.389830508,0,0,6
0.16,0.1961112,22.21875,15.36803212,63,0.716522849,1234.03125,396.2508561,2095,0,0,0.375,0,0,6
15,0.3724992,40.27232143,25.91832535,86,1.280582538,1393.316964,325.9174185,3120,0,0,0.191964286,0,0,6
5,0.21,25.08661417,12.92101993,48,1.377519031,1327.929134,276.3097003,1879,0,0,0.196850394,0,0,6
13,0.5072232,30.64173228,17.97213452,79,1.250330861,1366.492126,298.8501514,2058,0,0,0.157480315,0,0,6
1,0.1975008,18.05797101,10.56337187,46,0.604069278,1191.217391,311.6887054,1821,1,0,0.333333333,0,0,6
2,0.2705568,9.259259259,8.285901498,32,0.824004602,1007.444444,242.7768051,1650,0.556470213,0,0.644444444,0,0,6
3,0.5244432,22.92631579,13.09152894,70,0.645155044,1323.947368,279.035549,2687,0,0,0.126315789,0,0,6
0.07,0.0913872,11.17647059,6.747548574,19,0.910010102,1086.352941,172.7519686,1364,0,1,0.470588235,0,0,6
1,0.0830544,13.20833333,10.93103786,42,0.574992862,1171.791667,253.7778354,1650,0.999999999,0,0.4375,0,0,6
1,0.2824992,17.18987342,12.02036301,47,0.859205254,1169.582278,272.9251145,2218,0,0,0.367088608,0,0,6
8,0.4152792,15.51119403,15.16364744,62,1.312621768,1124.380597,311.9965378,1856,0,0,0.514925373,0,0,6
2,0.1455552,19.66666667,10.97403201,54,0.805738133,1300.066667,294.9996189,1926,0,0,0.25,0,0,6
1,0.0825,17.5,10.77603595,39,1.170540373,1281.758065,328.01028,1832,0,0,0.322580645,0,0,6
2,0.1075008,14.72131148,10.70222897,46,0.84495072,1165.47541,292.8371337,2299,0,0,0.360655738,0,0,6
20,1.2941664,21.26770294,19.73209433,94,1.291572535,1204.119171,339.4855837,2930,1,0,0.397236615,0.001727116,0,6
4,0.1505568,25.86666667,15.27662531,60,1.132150636,1308.577778,262.5181846,1801,1,0,0.211111111,0,0,6
11,0.2858328,41.03012048,29.01774268,103,1.184889142,1540.46988,764.6791656,5411,0,0,0.246987952,0.036144578,0,6
3,0.116388,24,15.55087738,58,1.231851004,1278.305263,288.3028872,1790,1,0,0.221052632,0,0,6
2,0.2175,12.06666667,8.947788629,35,0.855377768,1094.1,273.1032669,1732,0,0,0.511111111,0,0,6
3,0.256944,15.32653061,11.2098069,46,0.801979332,1141.517007,295.4972673,1828,0,0,0.455782313,0,0,6
1,0.0997224,19.72727273,12.85562311,38,1.068110072,1253.727273,295.0023594,1806,0,0,0.333333333,0,0,6
1,0.1402776,28.72972973,17.62991247,63,0.906855948,1339.108108,288.2278019,1816,0,0,0.189189189,0,0,6
2,0.1883328,13.82300885,15.21291163,58,1.229489436,1102.761062,321.5857549,1955,0,0,0.557522124,0,0,6
0.24,0.2977776,24.73333333,17.84580419,60,0.830685732,1334.244444,349.7664906,2406,0,0,0.311111111,0,0,6
16,0.9191664,25.13782991,21.50543857,75,1.236605061,1255.123167,336.1932166,2375,1,0,0.357771261,0,0,6
1,0.1308312,22.2173913,16.63318376,64,0.677859324,1234.173913,289.4261989,1964,1,0,0.347826087,0,0,6
14,0.3552768,38.22522523,15.47567625,68,1.224235533,1391.608108,236.2312398,1920,0,1,0.072072072,0,0,6
4,0.2355576,19.30827068,13.00301856,60,0.935306788,1217.37594,302.827999,2102,1,0,0.360902256,0,0,6
36,0.9811104,45.66024096,30.15503795,147,1.377704506,1477.007229,388.009341,2967,0,0,0.142168675,0.084337349,0,6
1,0.1725,6.185185185,6.84835494,27,0.891793341,937.1481481,148.3414106,1568,0,0,0.787037037,0,0,6
3,0.389724,11.79738562,18.02715768,71,1.337037649,1141.522876,439.4661697,3780,0,0,0.666666667,0,0,6
1,0.2447232,7.253012048,12.15734584,52,1.017946083,1013.73494,302.7930181,2268,0,0,0.78313253,0,0,6
0.2,0.2505576,8.958333333,11.71098472,40,0.829604586,1051.604167,276.8438948,1717,0.399113018,0,0.666666667,0,0,6
3,0.5169432,17.2189781,14.71929273,65,0.880341891,1190.729927,355.6855953,2278,1,0,0.408759124,0,0,6
0.21,0.2655552,10.57954545,8.468632577,37,0.94908279,1020.5,224.1491704,1626,1,0,0.613636364,0,0,6
0.08,0.0988896,6.25,7.326787712,21,1.166189068,1034.5,338.1126224,1953,0,0,0.767857143,0,0,6
2,0.0888888,24.67272727,26.1527242,94,0.764049254,1569.618182,890.7787581,4511,0,1,0.436363636,0.018181818,0,6
37,2.3302776,30.07467057,21.89849925,95,1.236791901,1302.035139,325.5635294,2523,0.254499464,0,0.275256223,0.001464129,2.3302776,6
3,0.8313888,18.43225806,14.09937797,56,1.053675676,1133.129032,402.7518283,1905,0,0,0.367741935,0,0,6
1,0.058056,27.86666667,12.46161924,62,0.833431707,1372.3,306.0147788,2538,0,0,0.133333333,0,0,6
1,0.4188888,11.00628931,13.94360107,55,1.053459185,1043.012579,362.8020869,2072,1,0,0.647798742,0,0,6
2,0.2894424,32.81944444,21.77886712,77,0.768607213,1378.472222,522.0726023,2907,0,0,0.25,0,0,6
3,0.1636104,22.43564356,19.35635081,60,0.950179288,1225.376238,440.3783113,2406,0,0,0.396039604,0,0,6
4,0.3916656,12.10267857,12.68851364,59,1.012751384,1093.169643,318.7236004,2329,1,0,0.544642857,0,0,6
1,0.2158344,13.25274725,12.08083276,42,1.057990205,1085.934066,349.4514051,1854,0,0,0.516483516,0,0,6
3,0.7544448,6.555555556,10.59086994,69,1.239778429,954.9924242,266.6229451,1914,0,0,0.744949495,0,0,6
4,0.4094448,10.68879668,12.98776022,58,1.224295984,1037.900415,322.8287188,2366,0,0,0.580912863,0,0,6
4,0.3727776,20.57241379,13.83772261,57,0.862891337,1245.296552,302.3920405,2608,1,0,0.275862069,0,0,6
5,1.3491672,7.755467197,11.44560342,49,1.239367009,985.473161,291.371675,1837,0.056618038,0,0.715705765,0,0,6
1,0.1336104,11.71428571,14.75217706,47,1.15356721,1032.936508,409.7105537,1790,0,0,0.619047619,0,0,6
1,0.0808344,23.94871795,19.79493385,66,0.953935677,1259.641026,475.2456698,2049,0,0,0.333333333,0,0,6
3,0.2397216,31.07042254,18.56750152,65,0.909225868,1320.267606,378.5865048,2027,0,0,0.154929577,0,0,6
77,2.1030576,42.84447005,32.00573052,133,1.360163773,1428.513825,444.9592012,4272,0.615374871,0,0.213133641,0.09562212,2.1030576,6
2,0.1194432,23.95081967,12.41830132,49,1.096987832,1302.081967,335.4127952,1837,0.999999999,0,0.213114754,0,0,6
1,0.0975,14.05454545,8.438049147,32,1.04287824,1026.836364,236.8504579,1746,0,0,0.454545455,0,0,6
4,0.2438904,21.1015625,21.67579289,87,1.15568627,1223.362205,343.5815485,1930,1,0,0.3984375,0,0,6
2,0.2513904,14.77862595,8.065396243,43,0.969567906,1058.435115,232.7627746,1592,1,0,0.389312977,0,0,7
1,0.3594456,15.40229885,8.655499354,34,1.097995448,1035.908046,242.511646,1726,1,0,0.344827586,0,0,7
1,0.0680568,19.17777778,8.806735255,35,1.013318885,1133.333333,272.1440127,1753,0,0,0.2,0,0,7
1,0.0672216,21,9.700389733,40,1.305697781,1030.547619,308.4145296,1465,0,0,0.142857143,0,0,7
1,0.1994448,17.18072289,8.644954229,36,1.086951706,1012.493976,198.4200013,1703,1,0,0.301204819,0,0,7
1,0.0591672,20,10.14581194,42,0.889002716,1072.69697,235.9145085,1552,0,0,0.242424242,0,0,7
0.09,0.1186104,18.70454545,9.544460333,39,1.126104801,1005.840909,182.1480286,1437,0,0,0.25,0,0,7
0.04,0.0513888,16.87878788,10.53493467,32,1.281465577,1164,283.5026455,1627,1.000000001,0,0.333333333,0,0,7
1,0.0652776,20.6097561,9.377841033,43,0.942252494,1100.365854,215.6160657,1553,0,0,0.146341463,0,0,7
1,0.0677784,21.34146341,10.98546712,44,1.047743177,1079.073171,259.1757502,1713,0,0,0.195121951,0,0,7
0.11,0.1352784,15.11864407,4.885180778,29,0.789045677,965.779661,171.1361696,1442,0.999999999,0,0.288135593,0,0,7
0.07,0.0861096,9.150943396,6.165649964,21,0.749660876,966.6603774,173.0931212,1379,0.999999998,0,0.660377358,0,0,7
0.04,0.0538896,8.705882353,4.48924244,18,0.313259932,907.2058824,135.5102097,1335,1,0,0.823529412,0,0,7
0.18,0.2252784,13.49450549,6.725364305,35,0.919545528,901.967033,129.536906,1276,1.000000001,0,0.494505495,0,0,7
2,0.1866672,12.0619469,10.04657296,38,1.067163919,999.9911504,216.25289,1839,1,0,0.610619469,0,0,7
0.28,0.3491664,12.65217391,8.852637112,38,0.960316189,999.3130435,178.8164974,1418,0.202864881,0,0.47826087,0,0,7
1,0.0952776,16.15517241,13.67518142,48,1.141442617,1009.275862,275.0033361,1721,0,0,0.448275862,0,0,7
1,0.1230552,15.12820513,10.51450325,37,0.920161681,1092.717949,273.7545065,1690,0,0,0.448717949,0,0,7
1,0.1513896,15.80232558,9.650138393,38,0.92288486,1062.27907,231.4403316,1929,0,0,0.38372093,0,0,7
8,0.616944,21.35114504,13.10781912,46,1.146377272,1370.954198,436.4077299,2576,0,0,0.301526718,0,0,7
1,0.1177776,16.01369863,11.85150383,41,1.072523208,1083.876712,261.3688829,1713,1,0,0.424657534,0,0,7
0.05,0.06,7.864864865,5.721121501,19,0.741223356,918.7027027,138.0464626,1383,0.999999999,0,0.756756757,0,0,7
2,0.1788888,14.58715596,7.803383655,29,1.057598086,1003.917431,222.6417205,1512,1,0,0.458715596,0,0,7
0.06,0.0811128,8.12244898,9.96793328,33,1.096474227,964.9591837,142.1025098,1494,0,0,0.714285714,0,0,7
1,0.050556,19.78787879,14.14601882,44,1.232881441,1189.727273,360.389223,1852,1.000000002,0,0.424242424,0,0,7
2,0.2255568,10.68888889,12.34362889,52,1.302842225,984.637037,237.5071596,1890,0,0,0.651851852,0,0,7
1,0.0727776,22.97777778,11.290561,50,0.882353832,1198.977778,203.7022659,1615,0,0,0.155555556,0,0,7
1,0.1027776,17.20634921,14.63001635,45,1.153564815,1078.603175,319.5029173,2027,0,0,0.476190476,0,0,7
0.04,0.0522216,11.47222222,8.971338843,33,0.818514396,1129.638889,200.457356,1588,1,0,0.555555556,0,0,7
1,0.0555552,18.11363636,9.135201298,38,0.921179338,1181.204545,286.5638919,2141,0.999999998,0,0.295454545,0,0,7
0.05,0.0602784,7.891891892,5.253484472,15,0.996940536,935.2162162,100.3173119,1168,1.000000002,0,0.756756757,0,0,7
1,0.0949992,15.11764706,8.723838351,35,1.091844444,1039.308824,252.8850401,1641,0.999999999,0,0.455882353,0,0,7
1,0.095556,20.38983051,13.66851018,49,1.050331728,1171.101695,392.505159,2401,0.261609946,0,0.322033898,0,0,7
1,0.0949992,19.63793103,11.23231284,51,0.92858311,1235.155172,385.0573346,2616,0.999999999,0,0.310344828,0,0,7
5,0.3225,19.95530726,10.40247444,41,1.06353252,1154.391061,277.2308759,2040,0.882857675,0,0.240223464,0,0,7
6,0.4538904,15.90875912,11.76925886,41,1.237615066,1096.813869,272.5925558,2061,0,0,0.379562044,0,0,7
1,0.1797216,13.86,8.070422366,32,1.004526504,1009.92,230.3574157,1634,0,0,0.44,0,0,7
1,0.1005552,15.56060606,9.698737091,39,0.993621591,1060.560606,255.3866528,1809,0.999999999,0,0.393939394,0,0,7
1,0.1849992,12.40229885,8.751690561,36,0.994020349,983.8965517,205.6346972,1456,1,0,0.609195402,0,0,7
0.05,0.0613896,11.05,9.055243558,31,1.155075435,1026.55,191.8561093,1566,1,0,0.6,0,0,7
0.09,0.1116672,15.83606557,7.165147888,32,0.508425161,1068.442623,301.7395414,1689,0,0,0.344262295,0,0,7
2,0.1599984,15.30927835,9.724711676,38,0.983575611,1074.979381,228.3975417,1990,0,0,0.371134021,0,0,7
0.04,0.0516672,12.73333333,12.19930279,36,1.085755637,953.6666667,179.7418327,1298,0,0,0.566666667,0,0,7
1,0.367776,14.41,9.907751276,39,0.963337994,1035.09,246.3607068,1837,1,0,0.45,0,0,7
1,0.093612,18.22413793,7.984729073,32,1.070097312,1015.793103,196.2882555,1349,1,0,0.224137931,0,0,7
2,0.1041672,19.30882353,10.3365131,37,0.997106511,1187.220588,290.6589449,2041,1,0,0.235294118,0,0,7
1,0.1052784,18.21538462,12.00845055,45,1.016004386,1096.307692,224.5960905,1590,0,0,0.338461538,0,0,7
1,0.1880568,17.26315789,9.385605237,43,0.948818663,1066.536842,237.8822707,1649,0,0,0.305263158,0,0,7
1,0.0533328,18.88571429,11.6461845,36,1.10225734,1063.457143,257.4977262,1469,0,0,0.4,0,0,7
1,0.1158336,16.2739726,10.13144208,38,0.987234563,1078.643836,242.7251744,1776,1,0,0.383561644,0,0,7
1,0.0997224,16.95081967,9.3370699,42,0.932910433,999.9344262,238.231321,1681,0.999999999,0,0.360655738,0,0,7
1,0.0836112,18.14285714,12.38390241,38,1.026393273,1081.464286,350.3973829,1858,1,0,0.357142857,0,0,7
2,0.1549992,15.92783505,13.12301368,47,1.216572873,1052.597938,190.0125358,1555,0,0,0.432989691,0,0,7
2,0.1619448,15.72727273,13.45196912,46,1.214900289,1063.888889,265.0871589,2014,0,0,0.454545455,0,0,7
1,0.1083312,18.02777778,12.13845392,36,1.040337494,1058.361111,271.8687869,1628,1,0,0.416666667,0,0,7
1,0.0680568,18.3255814,7.664764558,39,0.784184012,1144.093023,303.0510576,1778,1.000000001,0,0.23255814,0,0,7
1,0.1094448,15.06666667,7.99759851,34,0.937905756,1010.883333,194.3100869,1440,1.000000001,0,0.366666667,0,0,7
1,0.1055544,17.10144928,11.88318749,43,0.98556335,1051.26087,220.1828553,1379,0,0,0.405797101,0,0,7
1,0.1991664,17.20238095,9.362550062,39,0.905659829,1041.654762,259.3448416,1764,0,0,0.321428571,0,0,7
1,0.1197216,12.98684211,10.71135649,42,1.142692412,994.4736842,254.6016221,2085,1.000000001,0,0.526315789,0,0,7
9,0.5227776,24.82706767,12.46671722,51,1.281125426,1098.229323,218.6291856,1972,1,0,0.195488722,0,0,7
214,2.7874992,79.48759305,31.78419581,117,1.464606334,2462.293424,802.598392,3494,0,0,0.060173697,0.586848635,2.7874992,7
212,3.0302784,73.52224148,29.78526126,117,1.453670724,2279.261698,715.1338039,3485,0,1,0.066435586,0.404390526,3.0302784,7
1,0.2316672,11.03149606,10.50618639,41,1.122534778,1010.732283,192.1215905,1792,0,0,0.606299213,0,0,7
2,0.1005552,20.81818182,12.73264622,43,1.156731529,1070.909091,192.0441237,1515,0,0,0.257575758,0,0,7
2,0.2319432,18.8018018,12.11221759,42,1.010048558,999.036036,283.6533393,1505,0,0,0.342342342,0,0,7
1,0.1249992,20.35185185,12.62695142,49,0.774148301,1012.314815,323.3683468,1576,1.000000001,0,0.259259259,0,0,7
0.05,0.0661104,7.735294118,5.853301702,22,0.44886998,828.0588235,399.1837081,1531,1.000000001,0,0.852941176,0,0,7
1,0.12,16.27692308,8.592343416,34,1.09544091,967.8615385,283.8003742,1447,1.000000001,0,0.292307692,0,0,7
0.27,0.3433344,16.79166667,15.99861474,56,1.072110779,984.0208333,395.0568227,1691,1,0,0.541666667,0,0,7
0.11,0.135,16.8627451,10.85913368,39,0.91969593,1009.235294,429.6151575,1670,0,0,0.333333333,0,0,7
1,0.0780552,21.27272727,12.6681502,53,0.935755621,1031.863636,347.6089483,1596,0,0,0.227272727,0,0,7
0.06,0.0708336,11.33333333,12.65588514,37,1.191740853,914.0277778,277.0513605,1358,0,0,0.666666667,0,0,7
1,0.1227768,15.85915493,9.227746629,40,0.763630511,991.4647887,250.6761617,1426,1,0,0.38028169,0,0,7
1,0.1227768,14.02816901,8.71611288,32,1.009693586,936.3521127,277.9486129,1497,0.999999999,0,0.478873239,0,0,7
0.04,0.054168,13.2,9.69678226,32,0.956064031,893.0333333,340.4241253,1352,1,0,0.5,0,0,7
2,0.414444,18.61818182,12.07011764,48,0.804891657,1052.3,342.9088078,2055,0,0,0.318181818,0,0,7
0.05,0.0577776,14.88461538,10.89339955,33,1.030354158,881.6153846,350.9664459,1257,0,0,0.461538462,0,0,7
3,0.496668,15.58241758,10.46231431,50,0.877263101,984.3626374,308.8291565,1657,1,0,0.401098901,0,0,7
1,0.3141672,12.84684685,8.954631304,34,1.082998291,879.0810811,289.5748022,1354,1,0,0.531531532,0,0,7
1,0.0722232,20.43243243,11.2658297,45,0.969830847,1148.378378,386.1516938,1795,0,0,0.162162162,0,0,7
1,0.0961104,18.79245283,10.43543978,40,0.82943884,1101.830189,294.8616192,1505,0,0,0.264150943,0,0,7
0.23,0.286944,14.28571429,13.1840918,43,1.142775519,881.8888889,398.2396795,1574,0,0,0.53968254,0,0,7
1,0.0625008,18.34285714,16.26244837,44,1.158758316,1009.4,357.7865121,1436,0,0,0.457142857,0,0,7
0.04,0.0538872,15.75,10.42655087,33,0.985558413,1082.392857,332.6633644,1665,0,0,0.321428571,0,0,7
0.05,0.0680568,10.35897436,10.66594971,32,1.203403679,916.5641026,258.2239741,1424,1.000000001,0,0.641025641,0,0,7
2,0.440556,18.28695652,11.16602398,42,0.963894505,1030.113043,314.0635975,1793,0,0,0.286956522,0,0,7
1,0.076944,16.23255814,10.90617389,35,0.987871247,1005.714286,327.3610139,1765,0,0,0.441860465,0,0,7
2,0.1766664,15.48421053,14.99280903,48,0.945622375,1058.968421,375.6723746,2291,0.999999999,0,0.515789474,0,0,8
5,0.8330568,14.3890785,13.07167347,44,1.027015094,1056.730375,361.9971037,2005,1,0,0.518771331,0,0,8
87,1.293888,73.12552891,35.37071285,112,1.364772285,2126.083216,696.4090582,2994,0.59467651,0,0.104372355,0.513399154,0,8
128,2.2549992,55.97121771,36.48550305,113,1.348139395,1783.989668,740.3824932,2988,0.054077181,0,0.174169742,0.268634686,2.2549992,8
3,0.236388,20.59504132,14.02888598,46,0.960144394,1208.867769,406.655791,2062,1,0,0.330578512,0,0,8
2,0.2950008,8.48,10.71675024,38,0.979759137,932.4228571,327.8215164,2446,1,0,0.737142857,0,0,8
2,0.3986112,11.10614525,10.92183239,34,0.98674683,1018.195531,347.3664981,1955,0,0,0.586592179,0,0,8
2,0.1916664,16.97196262,10.84231572,40,0.961114872,1041.28972,321.9724883,1717,0,0,0.327102804,0,0,8
4,0.1886088,20.46280992,12.797162,44,1.028592206,1201.92562,335.045598,2225,1,0,0.404958678,0,0,8
2,0.3849984,9.927272727,11.85870249,51,0.997727622,974.3818182,297.4785394,1947,1,0,0.684848485,0,0,8
9,0.376944,24.90829694,15.79793933,59,0.951063123,1243.71179,434.9015566,2180,1,0,0.266375546,0,0,8
3,0.176388,21.18604651,12.07763737,42,0.883057963,1352.72093,383.6144099,2032,0,0,0.23255814,0,0,8
14,1.3883328,12.99854862,10.60338078,46,0.970181911,1051.164006,333.8163845,2256,0.924369719,0,0.526850508,0,0,8
0.41,0.5130552,8.247311828,7.118035748,27,0.764864506,961.1397849,279.7067794,1907,0,0,0.774193548,0,0,8
0.09,0.1113888,8.306122449,7.670843287,27,0.559825158,965.5510204,303.0818826,1607,0,0,0.775510204,0,0,8
7,0.2730552,23.11235955,16.36686621,55,1.097607989,1205.786517,380.07051,2242,0,0,0.314606742,0,0,8
1,0.140556,10.69047619,10.0228368,38,0.925552669,1016.642857,310.6585172,1938,0,0,0.714285714,0,0,8
7,0.7747224,13.49642857,15.04902341,55,1.220895269,1027.967857,366.1553655,1980,0,0,0.625,0,0,8
3,0.1352784,19.32380952,12.58165273,46,1.013048363,1176.885714,382.8636862,1898,1,0,0.39047619,0,0,8
2,0.5480544,8.644194757,10.23689305,38,0.995805391,946.8052434,317.6269853,2564,0,0,0.719101124,0,0,8
64,2.5277784,26.57300509,30.87332935,108,1.354138067,1210.307301,593.9021034,2906,0,0,0.497453311,0.049235993,2.5277784,8
1,0.0602784,25.04347826,13.9364736,42,0.933820135,1101.652174,363.7666096,1940,0,0,0.260869565,0,0,8
68,1.6616664,43.1195795,26.95186055,110,1.295059365,1546.817346,538.864234,2915,1,0,0.137976347,0.065703022,0,8
3,0.1455552,22.20879121,12.41998075,46,0.764585332,1263.923077,412.534557,2481,1,0,0.285714286,0,0,8
3,0.2422224,15.02739726,11.33377327,44,0.94253184,1093.684932,317.5741185,2319,1,0,0.5,0,0,8
0.07,0.0869448,8.452830189,8.84604657,34,0.776148153,978.4339623,280.469216,1690,0.999999999,0,0.735849057,0,0,8
3,0.1549992,20.58,11.71649963,46,0.95388848,1203.04,370.9917345,2028,1,0,0.26,0,0,8
2,0.1627776,16.04807692,12.25092016,44,0.914746039,1074.567308,328.2270042,1829,1,0,0.423076923,0,0,8
3,0.163056,18.83333333,14.07357171,44,1.019947312,1174.055556,400.8018093,2238,1,0,0.398148148,0,0,8
2,0.7016664,5.750617284,7.873349638,44,0.785844941,894.3407407,271.3353164,2420,1,0,0.837037037,0,0,8
2,0.2011104,13.63709677,10.64912278,36,0.869402261,1118.427419,376.5908732,2102,1,0,0.5,0,0,8
2,0.3066672,11.59731544,9.935548695,31,1.056613324,1032.543624,312.0251524,1696,0,0,0.577181208,0,0,8
3,0.2277768,17.67625899,13.49353889,44,1.053212736,1126.014388,384.0216062,2109,1.000000001,0,0.45323741,0,0,8
2,0.138888,16.90625,14.17342073,42,0.970557002,1047.9375,355.7928674,1905,0,0,0.4375,0,0,8
124,3.1355544,46.86196127,33.21150491,108,1.346562097,1594.945034,660.5858807,2942,0.159904354,0,0.200499688,0.163023111,3.1355544,8
105,2.4850008,43.39629121,35.08991239,108,1.363353235,1526.388736,672.6869219,2848,0.567293178,0,0.308379121,0.12706044,2.4850008,8
4,0.7494432,12.92916667,12.81993019,42,1.01514189,1036.4375,343.0637319,2212,0.621200379,0,0.566666667,0,0,8
3,0.251388,16.93006993,14.12402326,46,1.048152953,1166.146853,364.2065649,2036,1,0,0.475524476,0,0,8
2,0.2050008,13.64227642,11.71319144,42,0.815910503,1086.910569,386.475563,2021,1,0,0.536585366,0,0,8
4,0.2288904,17.78723404,14.12080962,46,1.097590654,1168.085106,377.3844287,2051,1,0,0.404255319,0,0,8
3,0.1955544,16.52941176,13.13219845,46,0.90586308,1132.487395,382.0315868,2182,1,0,0.428571429,0,0,8
0.05,0.0658344,11.19512195,10.64006464,42,0.949444451,1026.634146,302.4431977,1886,1.000000001,0,0.731707317,0,0,8
4,0.2075016,19.63846154,14.83448938,46,1.035209992,1127.346154,387.7492339,1974,1.000000001,0,0.446153846,0,0,8
0.15,0.191388,9.461538462,8.259609788,31,0.779875687,907.2769231,326.1072728,1738,1,0,0.723076923,0,0,8
3,0.2383344,17.04964539,15.97020719,53,1.126745967,1128.716312,395.1199696,2247,1,0,0.539007092,0,0,8
2,0.2686104,14.7398374,10.88602458,44,0.893846677,1083.333333,365.1033015,1852,0.999999999,0,0.504065041,0,0,8
3,0.2094456,15.58196721,12.93521056,46,1.133946314,1092.827869,361.5744198,2013,0.999999999,0,0.508196721,0,0,8
13,0.4794432,30.15162455,22.84126318,74,1.2341488,1309.541516,473.4489886,2401,1,0,0.296028881,0,0,8
1,0.1080576,17,18.91287841,59,1.220045104,1112.373134,408.5521678,2230,0,0,0.582089552,0,0,8
16,0.5052792,31.74754098,24.440419,83,1.236581437,1304.455738,505.6582918,2325,0,0,0.308196721,0,0,8
1,0.431112,9.971223022,8.332703552,31,1.031914421,980.4388489,276.8257212,1682,1,0,0.741007194,0,0,8
5,0.4772232,14.69008264,13.04186623,42,0.991921064,1072.033058,364.0758877,2088,0,0,0.504132231,0,0,8
3,0.1697232,20.00970874,14.32500566,48,1.031329005,1195.786408,347.98334,2066,1,0,0.378640777,0,0,8
2,0.2366664,11.79020979,11.55504472,40,0.989580742,1024.328671,316.3379094,1936,1,0,0.58041958,0,0,8
2,0.3033336,18.19266055,14.98052876,49,0.84560085,1121.825688,489.1509243,2332,1,0,0.431192661,0,0,8
2,0.2894448,10.46621622,10.8555234,46,0.980785988,969.8783784,352.774251,1903,1,0,0.641891892,0,0,8
1,0.2833344,13.39240506,10.01206672,34,0.954731655,1013.101266,409.556533,1874,0,0,0.481012658,0,0,8
3,0.1652784,20.45454545,14.87860588,48,1.064519339,1159.10101,409.5386527,2054,1,0,0.353535354,0,0,8
2,0.1988904,13.54621849,12.5487172,38,0.973629259,1037.285714,365.0812573,1884,1,0,0.554621849,0,0,8
2,0.268332,12.81666667,11.48399202,40,1.000581412,1056.8,406.6457092,1952,1,0,0.575,0,0,8
2,0.1566672,16.36842105,13.35286457,42,1.082787285,1073.178947,374.6280419,1991,0,0,0.452631579,0,0,8
2,0.1794456,23.11627907,16.82464481,53,0.970251861,1143.395349,527.0586591,2222,1,0,0.360465116,0,0,8
13,0.7927776,21.82731959,23.27431242,81,1.302008037,1199.783505,504.282005,2204,1,0,0.474226804,0,0,8
1,0.0855576,21.34615385,14.84281646,44,1.157042944,1112.442308,386.6612954,1967,0,0,0.346153846,0,0,8
15,0.4466664,35.77862595,23.61173488,80,1.252742815,1358.912214,527.012999,2468,0,0,0.213740458,0,0,8
3,0.1583328,21.36458333,14.04063261,48,0.92072545,1201.625,409.3961728,1955,1,0,0.291666667,0,0,8
5,0.4866672,18.87431694,14.44392516,49,0.936995621,1153.612022,411.3179665,2041,0,0,0.415300546,0,0,8
1,0.0738888,21.34,13.4401318,40,1.071079681,1161.877551,356.0091076,1888,0,0,0.3,0,0,8